runDate,stations,trainId,trainCode,index,trainStationId,scheduledArrival,scheduledDeparture,distance,dayCount,day,stations_n,trainCode_n,ArrivalDelay_n,DepartureDelay_n
2020-02-20,ADI,12038,12833,1,2657971,,2020-02-20 00:15:00,0,0,Thursday,ADI,12833.0,0.0,0.06625
2020-02-20,MAN,12038,12833,2,2658935,2020-02-20 00:24:00,2020-02-20 00:26:00,3,0,Thursday,MAN,12833.0,0.06916666666666667,0.06833333333333333
2020-02-20,ND,12038,12833,3,2658907,2020-02-20 01:04:00,2020-02-20 01:06:00,46,0,Thursday,ND,12833.0,0.06791666666666667,0.08208333333333333
2020-02-20,ANND,12038,12833,4,2659441,2020-02-20 01:24:00,2020-02-20 01:26:00,65,0,Thursday,ANND,12833.0,0.04666666666666666,0.24125
2020-02-20,BRC,12038,12833,5,2657677,2020-02-20 02:17:00,2020-02-20 02:24:00,100,0,Thursday,BRC,12833.0,0.09541666666666666,0.1
2020-02-20,BH,12038,12833,6,2658856,2020-02-20 03:12:00,2020-02-20 03:14:00,171,0,Thursday,BH,12833.0,0.20500000000000002,0.20541666666666666
2020-02-20,ST,12038,12833,7,2658997,2020-02-20 04:15:00,2020-02-20 04:20:00,230,0,Thursday,ST,12833.0,0.03666666666666667,0.18458333333333332
2020-02-20,UDN,12038,12833,8,2657835,2020-02-20 04:32:00,2020-02-20 04:34:00,234,0,Thursday,UDN,12833.0,0.17875,0.19708333333333333
2020-02-20,BIY,12038,12833,9,2658044,2020-02-20 04:59:00,2020-02-20 05:01:00,261,0,Thursday,BIY,12833.0,0.315,0.30791666666666667
2020-02-20,MID,12038,12833,10,2659049,2020-02-20 05:18:00,2020-02-20 05:20:00,276,0,Thursday,MID,12833.0,0.255,0.25166666666666665
2020-02-20,VYA,12038,12833,11,2659195,2020-02-20 05:38:00,2020-02-20 05:40:00,291,0,Thursday,VYA,12833.0,0.18375,0.18291666666666667
2020-02-20,NWU,12038,12833,12,2659560,2020-02-20 06:17:00,2020-02-20 06:22:00,333,0,Thursday,NWU,12833.0,0.15958333333333333,0.13874999999999998
2020-02-20,NDB,12038,12833,13,2659443,2020-02-20 07:20:00,2020-02-20 07:25:00,391,0,Thursday,NDB,12833.0,0.07833333333333334,0.22583333333333336
2020-02-20,DDE,12038,12833,14,2658379,2020-02-20 08:05:00,2020-02-20 08:07:00,425,0,Thursday,DDE,12833.0,0.10083333333333333,0.10708333333333334
2020-02-20,SNK,12038,12833,15,2734674,2020-02-20 08:30:00,2020-02-20 08:31:00,444,0,Thursday,SNK,12833.0,0.1125,0.12875
2020-02-20,AN,12038,12833,16,2658844,2020-02-20 09:14:00,2020-02-20 09:17:00,486,0,Thursday,AN,12833.0,0.012916666666666667,0.11375
2020-02-20,DXG,12038,12833,17,2658854,2020-02-20 09:44:00,2020-02-20 09:46:00,511,0,Thursday,DXG,12833.0,0.025416666666666664,0.1125
2020-02-20,JL,12038,12833,18,2658959,2020-02-20 10:35:00,2020-02-20 10:40:00,541,0,Thursday,JL,12833.0,-0.07,0.24791666666666667
2020-02-20,BSL,12038,12833,19,2657664,2020-02-20 11:05:00,2020-02-20 11:10:00,565,0,Thursday,BSL,12833.0,0.30333333333333334,0.4395833333333333
2020-02-20,MKU,12038,12833,20,2659030,2020-02-20 11:53:00,2020-02-20 11:55:00,615,0,Thursday,MKU,12833.0,0.51875,0.5183333333333333
2020-02-20,NN,12038,12833,21,2658901,2020-02-20 12:18:00,2020-02-20 12:20:00,643,0,Thursday,NN,12833.0,0.5333333333333333,0.5520833333333334
2020-02-20,JM,12038,12833,22,2733461,2020-02-20 12:28:00,2020-02-20 12:30:00,655,0,Thursday,JM,12833.0,0.6220833333333334,0.6320833333333333
2020-02-20,SEG,12038,12833,23,2658547,2020-02-20 12:48:00,2020-02-20 12:50:00,667,0,Thursday,SEG,12833.0,0.5425,0.5558333333333334
2020-02-20,AK,12038,12833,24,2658847,2020-02-20 13:25:00,2020-02-20 13:30:00,704,0,Thursday,AK,12833.0,0.59125,0.5950000000000001
2020-02-20,MZR,12038,12833,25,2659323,2020-02-20 13:58:00,2020-02-20 14:00:00,741,0,Thursday,MZR,12833.0,0.7245833333333334,0.7254166666666666
2020-02-20,BD,12038,12833,26,2658859,2020-02-20 14:50:00,2020-02-20 14:55:00,783,0,Thursday,BD,12833.0,0.5125,0.5145833333333333
2020-02-20,CND,12038,12833,27,2658592,2020-02-20 15:15:00,2020-02-20 15:17:00,812,0,Thursday,CND,12833.0,0.6254166666666666,0.6216666666666666
2020-02-20,DMN,12038,12833,28,2659179,2020-02-20 15:30:00,2020-02-20 15:32:00,829,0,Thursday,DMN,12833.0,0.6504166666666666,0.6533333333333334
2020-02-20,PLO,12038,12833,29,2658333,2020-02-20 15:47:00,2020-02-20 15:49:00,849,0,Thursday,PLO,12833.0,0.68375,0.6779166666666666
2020-02-20,WR,12038,12833,30,2658999,2020-02-20 16:15:00,2020-02-20 16:18:00,878,0,Thursday,WR,12833.0,0.6425,0.6404166666666666
2020-02-20,AJNI,12038,12833,31,2659433,2020-02-20 17:19:00,2020-02-20 17:21:00,954,0,Thursday,AJNI,12833.0,0.6941666666666666,0.6929166666666667
2020-02-20,NGP,12038,12833,32,2659359,2020-02-20 17:45:00,2020-02-20 17:50:00,957,0,Thursday,NGP,12833.0,0.5183333333333333,0.5895833333333333
2020-02-20,KP,12038,12833,33,2658871,2020-02-20 18:15:00,2020-02-20 18:17:00,971,0,Thursday,KP,12833.0,0.6075,0.6170833333333333
2020-02-20,BRD,12038,12833,34,2657678,2020-02-20 18:50:00,2020-02-20 18:52:00,1019,0,Thursday,BRD,12833.0,0.6133333333333333,0.6158333333333333
2020-02-20,TMR,12038,12833,35,2658198,2020-02-20 19:07:00,2020-02-20 19:09:00,1037,0,Thursday,TMR,12833.0,0.6654166666666667,0.6691666666666667
2020-02-20,TRO,12038,12833,36,2733503,2020-02-20 19:25:00,2020-02-20 19:27:00,1057,0,Thursday,TRO,12833.0,0.6770833333333334,0.68125
2020-02-20,G,12038,12833,37,2657710,2020-02-20 19:58:00,2020-02-20 20:00:00,1087,0,Thursday,G,12833.0,0.5429166666666667,0.6270833333333333
2020-02-20,AGN,12038,12833,38,2658051,2020-02-20 20:15:00,2020-02-20 20:17:00,1109,0,Thursday,AGN,12833.0,0.70375,0.7108333333333333
2020-02-20,DGG,12038,12833,39,2659067,2020-02-20 21:01:00,2020-02-20 21:03:00,1160,0,Thursday,DGG,12833.0,0.73375,0.74
2020-02-20,RJN,12038,12833,40,2731879,2020-02-20 21:27:00,2020-02-20 21:29:00,1191,0,Thursday,RJN,12833.0,0.7441666666666666,0.75
2020-02-20,DURG,12038,12833,41,2658190,2020-02-20 22:10:00,2020-02-20 22:15:00,1222,0,Thursday,DURG,12833.0,0.5754166666666667,0.5833333333333334
2020-02-20,BPHB,12038,12833,42,2658892,2020-02-20 22:24:00,2020-02-20 22:26:00,1231,0,Thursday,BPHB,12833.0,0.6108333333333333,0.6079166666666667
2020-02-20,R,12038,12833,43,2657733,2020-02-20 22:55:00,2020-02-20 23:05:00,1259,0,Thursday,R,12833.0,0.65625,0.6191666666666666
2020-02-20,TLD,12038,12833,44,2657916,2020-02-20 23:36:00,2020-02-20 23:38:00,1297,0,Thursday,TLD,12833.0,0.6862499999999999,0.6787500000000001
2020-02-20,BYT,12038,12833,45,2657782,2020-02-21 00:01:00,2020-02-21 00:03:00,1323,1,Thursday,BYT,12833.0,0.6470833333333333,0.6495833333333334
2020-02-20,BSP,12038,12833,46,2657660,2020-02-21 00:55:00,2020-02-21 01:10:00,1370,1,Thursday,BSP,12833.0,0.5279166666666667,0.5195833333333334
2020-02-20,AKT,12038,12833,47,2658155,2020-02-21 01:32:00,2020-02-21 01:34:00,1396,1,Thursday,AKT,12833.0,0.6341666666666667,0.6475000000000001
2020-02-20,NIA,12038,12833,48,2659501,2020-02-21 01:47:00,2020-02-21 01:49:00,1411,1,Thursday,NIA,12833.0,0.6791666666666667,0.6945833333333333
2020-02-20,CPH,12038,12833,49,2658737,2020-02-21 02:01:00,2020-02-21 02:04:00,1422,1,Thursday,CPH,12833.0,0.7166666666666667,0.7454166666666667
2020-02-20,BUA,12038,12833,50,2731863,2020-02-21 02:17:00,2020-02-21 02:19:00,1438,1,Thursday,BUA,12833.0,0.825,0.8212499999999999
2020-02-20,KHS,12038,12833,51,2657988,2020-02-21 02:39:00,2020-02-21 02:41:00,1468,1,Thursday,KHS,12833.0,0.94125,0.94375
2020-02-20,RIG,12038,12833,52,2659306,2020-02-21 03:06:00,2020-02-21 03:11:00,1502,1,Thursday,RIG,12833.0,1.0270833333333333,0.9929166666666667
2020-02-20,BPH,12038,12833,53,2731890,2020-02-21 03:45:00,2020-02-21 03:47:00,1553,1,Thursday,BPH,12833.0,0.9991666666666668,0.9912500000000001
2020-02-20,BRJN,12038,12833,54,2731892,2020-02-21 03:56:00,2020-02-21 03:58:00,1562,1,Thursday,BRJN,12833.0,1.02375,1.0220833333333335
2020-02-20,JSG,12038,12833,55,2657722,2020-02-21 05:00:00,2020-02-21 05:02:00,1574,1,Thursday,JSG,12833.0,0.5195833333333334,0.5833333333333334
2020-02-20,BMB,12038,12833,56,2731889,2020-02-21 05:32:00,2020-02-21 05:33:00,1610,1,Thursday,BMB,12833.0,0.6183333333333334,0.63625
2020-02-20,GP,12038,12833,57,2734238,2020-02-21 06:02:00,2020-02-21 06:03:00,1645,1,Thursday,GP,12833.0,0.6183333333333334,0.6379166666666667
2020-02-20,ROU,12038,12833,58,2731973,2020-02-21 06:31:00,2020-02-21 06:46:00,1675,1,Thursday,ROU,12833.0,0.7704166666666666,0.7791666666666667
2020-02-20,CKP,12038,12833,59,2658634,2020-02-21 08:07:00,2020-02-21 08:14:00,1776,1,Thursday,CKP,12833.0,0.9354166666666667,0.9191666666666667
2020-02-20,TATA,12038,12833,60,2658105,2020-02-21 09:15:00,2020-02-21 09:25:00,1838,1,Thursday,TATA,12833.0,0.9954166666666667,0.9879166666666667
2020-02-20,KGP,12038,12833,61,2658007,2020-02-21 11:18:00,2020-02-21 11:23:00,1971,1,Thursday,KGP,12833.0,1.3004166666666668,1.2787499999999998
2020-02-20,SRC,12038,12833,62,2658653,2020-02-21 12:46:00,2020-02-21 12:48:00,2079,1,Thursday,SRC,12833.0,1.3095833333333333,1.3
2020-02-19,HWH,12039,12834,1,2659041,,2020-02-19 23:55:00,0,0,Wednesday,HWH,12834.0,0.0,0.04444444444444444
2020-02-19,MCA,12039,12834,2,2734395,2020-02-20 00:50:00,2020-02-20 00:51:00,58,1,Wednesday,MCA,12834.0,0.23333333333333334,0.36037037037037034
2020-02-19,PKU,12039,12834,3,2658352,2020-02-20 01:09:00,2020-02-20 01:10:00,71,1,Wednesday,PKU,12834.0,0.2774074074074074,0.30666666666666664
2020-02-19,KGP,12039,12834,4,2658007,2020-02-20 02:00:00,2020-02-20 02:05:00,115,1,Wednesday,KGP,12834.0,0.06629629629629628,0.12370370370370369
2020-02-19,TATA,12039,12834,5,2658105,2020-02-20 03:53:00,2020-02-20 03:58:00,249,1,Wednesday,TATA,12834.0,0.17703703703703705,0.19037037037037038
2020-02-19,CKP,12039,12834,6,2658634,2020-02-20 04:48:00,2020-02-20 04:55:00,311,1,Wednesday,CKP,12834.0,0.3292592592592592,0.3251851851851852
2020-02-19,ROU,12039,12834,7,2731973,2020-02-20 06:20:00,2020-02-20 06:35:00,412,1,Wednesday,ROU,12834.0,0.44666666666666666,0.4722222222222222
2020-02-19,GP,12039,12834,8,2734238,2020-02-20 07:03:00,2020-02-20 07:04:00,442,1,Wednesday,GP,12834.0,0.5148148148148148,0.5337037037037037
2020-02-19,BMB,12039,12834,9,2731889,2020-02-20 07:33:00,2020-02-20 07:34:00,477,1,Wednesday,BMB,12834.0,0.46481481481481485,0.4718518518518519
2020-02-19,JSG,12039,12834,10,2657722,2020-02-20 08:15:00,2020-02-20 08:17:00,513,1,Wednesday,JSG,12834.0,0.4014814814814815,0.47962962962962963
2020-02-19,BRJN,12039,12834,11,2731892,2020-02-20 08:25:00,2020-02-20 08:27:00,525,1,Wednesday,BRJN,12834.0,0.6492592592592593,0.6525925925925926
2020-02-19,BPH,12039,12834,12,2731890,2020-02-20 08:36:00,2020-02-20 08:38:00,534,1,Wednesday,BPH,12834.0,0.7118518518518518,0.7137037037037037
2020-02-19,RIG,12039,12834,13,2659306,2020-02-20 09:15:00,2020-02-20 09:20:00,585,1,Wednesday,RIG,12834.0,0.8774074074074073,0.8629629629629629
2020-02-19,KHS,12039,12834,14,2657988,2020-02-20 09:43:00,2020-02-20 09:45:00,619,1,Wednesday,KHS,12834.0,1.0314814814814814,1.035925925925926
2020-02-19,BUA,12039,12834,15,2731863,2020-02-20 10:07:00,2020-02-20 10:09:00,649,1,Wednesday,BUA,12834.0,1.0933333333333333,1.1118518518518519
2020-02-19,CPH,12039,12834,16,2658737,2020-02-20 10:25:00,2020-02-20 10:30:00,664,1,Wednesday,CPH,12834.0,1.1803703703703703,1.1725925925925926
2020-02-19,NIA,12039,12834,17,2659501,2020-02-20 10:39:00,2020-02-20 10:41:00,675,1,Wednesday,NIA,12834.0,1.2322222222222223,1.2348148148148148
2020-02-19,AKT,12039,12834,18,2658155,2020-02-20 10:53:00,2020-02-20 10:55:00,690,1,Wednesday,AKT,12834.0,1.2625925925925925,1.2666666666666666
2020-02-19,BSP,12039,12834,19,2657660,2020-02-20 11:40:00,2020-02-20 11:55:00,717,1,Wednesday,BSP,12834.0,0.9696296296296296,0.9414814814814816
2020-02-19,BYT,12039,12834,20,2657782,2020-02-20 12:33:00,2020-02-20 12:35:00,764,1,Wednesday,BYT,12834.0,1.0755555555555556,1.076296296296296
2020-02-19,TLD,12039,12834,21,2657916,2020-02-20 12:54:00,2020-02-20 12:56:00,790,1,Wednesday,TLD,12834.0,1.105925925925926,1.1018518518518519
2020-02-19,R,12039,12834,22,2657733,2020-02-20 13:35:00,2020-02-20 13:45:00,828,1,Wednesday,R,12834.0,1.0433333333333334,1.0081481481481482
2020-02-19,BPHB,12039,12834,23,2658892,2020-02-20 14:09:00,2020-02-20 14:11:00,856,1,Wednesday,BPHB,12834.0,1.0348148148148149,1.0233333333333332
2020-02-19,DURG,12039,12834,24,2658190,2020-02-20 14:35:00,2020-02-20 14:40:00,865,1,Wednesday,DURG,12834.0,0.9488888888888888,0.9696296296296296
2020-02-19,RJN,12039,12834,25,2731879,2020-02-20 15:02:00,2020-02-20 15:04:00,895,1,Wednesday,RJN,12834.0,1.0907407407407408,1.0940740740740742
2020-02-19,DGG,12039,12834,26,2659067,2020-02-20 15:26:00,2020-02-20 15:28:00,927,1,Wednesday,DGG,12834.0,1.2337037037037035,1.2355555555555557
2020-02-19,AGN,12039,12834,27,2658051,2020-02-20 16:11:00,2020-02-20 16:13:00,977,1,Wednesday,AGN,12834.0,1.261851851851852,1.261851851851852
2020-02-19,G,12039,12834,28,2657710,2020-02-20 16:41:00,2020-02-20 16:46:00,1000,1,Wednesday,G,12834.0,1.1155555555555556,1.075925925925926
2020-02-19,TRO,12039,12834,29,2733503,2020-02-20 17:06:00,2020-02-20 17:08:00,1029,1,Wednesday,TRO,12834.0,1.18,1.1825925925925924
2020-02-19,TMR,12039,12834,30,2658198,2020-02-20 17:25:00,2020-02-20 17:27:00,1049,1,Wednesday,TMR,12834.0,1.1633333333333333,1.172962962962963
2020-02-19,BRD,12039,12834,31,2657678,2020-02-20 17:42:00,2020-02-20 17:44:00,1068,1,Wednesday,BRD,12834.0,1.2114814814814814,1.2137037037037037
2020-02-19,KP,12039,12834,32,2658871,2020-02-20 18:18:00,2020-02-20 18:20:00,1115,1,Wednesday,KP,12834.0,1.2474074074074075,1.2533333333333334
2020-02-19,NGP,12039,12834,33,2659359,2020-02-20 19:00:00,2020-02-20 19:05:00,1129,1,Wednesday,NGP,12834.0,1.1111111111111112,1.2337037037037035
2020-02-19,AJNI,12039,12834,34,2659433,2020-02-20 19:14:00,2020-02-20 19:15:00,1132,1,Wednesday,AJNI,12834.0,1.2637037037037038,1.2833333333333334
2020-02-19,WR,12039,12834,35,2658999,2020-02-20 20:24:00,2020-02-20 20:27:00,1208,1,Wednesday,WR,12834.0,1.3622222222222222,1.3651851851851853
2020-02-19,PLO,12039,12834,36,2658333,2020-02-20 20:49:00,2020-02-20 20:50:00,1238,1,Wednesday,PLO,12834.0,1.421851851851852,1.461851851851852
2020-02-19,DMN,12039,12834,37,2659179,2020-02-20 21:08:00,2020-02-20 21:09:00,1258,1,Wednesday,DMN,12834.0,1.4466666666666665,1.492962962962963
2020-02-19,CND,12039,12834,38,2658592,2020-02-20 21:24:00,2020-02-20 21:25:00,1274,1,Wednesday,CND,12834.0,1.4977777777777777,1.528888888888889
2020-02-19,BD,12039,12834,39,2658859,2020-02-20 22:05:00,2020-02-20 22:10:00,1303,1,Wednesday,BD,12834.0,1.3140740740740742,1.3166666666666667
2020-02-19,MZR,12039,12834,40,2659323,2020-02-20 22:40:00,2020-02-20 22:42:00,1345,1,Wednesday,MZR,12834.0,1.3851851851851853,1.3877777777777778
2020-02-19,AK,12039,12834,41,2658847,2020-02-20 23:15:00,2020-02-20 23:20:00,1382,1,Wednesday,AK,12834.0,1.3818518518518519,1.372962962962963
2020-02-19,SEG,12039,12834,42,2658547,2020-02-20 23:44:00,2020-02-20 23:45:00,1419,1,Wednesday,SEG,12834.0,1.5396296296296297,1.555925925925926
2020-02-19,JM,12039,12834,43,2733461,2020-02-20 23:57:00,2020-02-20 23:58:00,1432,1,Wednesday,JM,12834.0,1.5599999999999998,1.5725925925925925
2020-02-19,NN,12039,12834,44,2658901,2020-02-21 00:08:00,2020-02-21 00:10:00,1444,2,Wednesday,NN,12834.0,1.597037037037037,1.5962962962962963
2020-02-19,MKU,12039,12834,45,2659030,2020-02-21 00:33:00,2020-02-21 00:35:00,1472,2,Wednesday,MKU,12834.0,1.5737037037037036,1.5766666666666667
2020-02-19,BSL,12039,12834,46,2657664,2020-02-21 01:40:00,2020-02-21 01:45:00,1522,2,Wednesday,BSL,12834.0,1.3903703703703703,1.5040740740740743
2020-02-19,JL,12039,12834,47,2658959,2020-02-21 02:22:00,2020-02-21 02:25:00,1546,2,Wednesday,JL,12834.0,1.3574074074074074,1.418888888888889
2020-02-19,DXG,12039,12834,48,2658854,2020-02-21 03:12:00,2020-02-21 03:14:00,1576,2,Wednesday,DXG,12834.0,1.1355555555555557,1.1337037037037037
2020-02-19,AN,12039,12834,49,2658844,2020-02-21 03:39:00,2020-02-21 03:42:00,1601,2,Wednesday,AN,12834.0,1.0644444444444445,1.054074074074074
2020-02-19,SNK,12039,12834,50,2734674,2020-02-21 04:18:00,2020-02-21 04:19:00,1642,2,Wednesday,SNK,12834.0,0.9885185185185185,0.9974074074074074
2020-02-19,DDE,12039,12834,51,2658379,2020-02-21 04:38:00,2020-02-21 04:41:00,1662,2,Wednesday,DDE,12834.0,0.9592592592592593,0.9411111111111111
2020-02-19,NDB,12039,12834,52,2659443,2020-02-21 05:12:00,2020-02-21 05:22:00,1696,2,Wednesday,NDB,12834.0,0.8951851851851852,0.8166666666666667
2020-02-19,NWU,12039,12834,53,2659560,2020-02-21 06:23:00,2020-02-21 06:28:00,1754,2,Wednesday,NWU,12834.0,0.5596296296296296,0.5259259259259259
2020-02-19,VYA,12039,12834,54,2659195,2020-02-21 07:10:00,2020-02-21 07:12:00,1796,2,Wednesday,VYA,12834.0,0.3859259259259259,0.442962962962963
2020-02-19,MID,12039,12834,55,2659049,2020-02-21 07:27:00,2020-02-21 07:29:00,1811,2,Wednesday,MID,12834.0,0.43555555555555553,0.4351851851851852
2020-02-19,BIY,12039,12834,56,2658044,2020-02-21 07:46:00,2020-02-21 07:48:00,1826,2,Wednesday,BIY,12834.0,0.41444444444444445,0.4251851851851852
2020-02-19,UDN,12039,12834,57,2657835,2020-02-21 08:40:00,2020-02-21 08:42:00,1853,2,Wednesday,UDN,12834.0,0.19444444444444445,0.3640740740740741
2020-02-19,ST,12039,12834,58,2658997,2020-02-21 08:57:00,2020-02-21 09:02:00,1857,2,Wednesday,ST,12834.0,0.31666666666666665,0.34444444444444444
2020-02-19,BH,12039,12834,59,2658856,2020-02-21 09:54:00,2020-02-21 09:56:00,1916,2,Wednesday,BH,12834.0,0.312962962962963,0.3259259259259259
2020-02-19,BRC,12039,12834,60,2657677,2020-02-21 10:58:00,2020-02-21 11:03:00,1986,2,Wednesday,BRC,12834.0,0.39814814814814814,0.43074074074074076
2020-02-19,ANND,12039,12834,61,2659441,2020-02-21 11:43:00,2020-02-21 11:44:00,2022,2,Wednesday,ANND,12834.0,0.4811111111111111,0.5622222222222223
2020-02-19,ND,12039,12834,62,2658907,2020-02-21 12:10:00,2020-02-21 12:11:00,2041,2,Wednesday,ND,12834.0,0.4525925925925926,0.4592592592592592
2020-02-19,MAN,12039,12834,63,2658935,2020-02-21 13:02:00,2020-02-21 13:04:00,2083,2,Wednesday,MAN,12834.0,0.267037037037037,0.2614814814814815
2020-02-20,FZR,11528,12138,1,2657812,,2020-02-20 21:40:00,0,0,Thursday,FZR,12138.0,0.0,0.0
2020-02-20,FDK,11528,12138,2,2659393,2020-02-20 22:05:00,2020-02-20 22:07:00,32,0,Thursday,FDK,12138.0,0.15340136054421769,0.15102040816326529
2020-02-20,KKP,11528,12138,3,2658108,2020-02-20 22:23:00,2020-02-20 22:25:00,45,0,Thursday,KKP,12138.0,0.17993197278911566,0.18231292517006806
2020-02-20,GJUT,11528,12138,4,2734206,2020-02-20 22:38:00,2020-02-20 22:40:00,61,0,Thursday,GJUT,12138.0,0.22687074829931972,0.22244897959183677
2020-02-20,GNA,11528,12138,5,2742572,2020-02-20 22:54:00,2020-02-20 22:56:00,76,0,Thursday,GNA,12138.0,0.2207482993197279,0.22482993197278914
2020-02-20,BTI,11528,12138,6,2657716,2020-02-20 23:25:00,2020-02-20 23:50:00,88,0,Thursday,BTI,12138.0,0.008163265306122448,0.03809523809523809
2020-02-20,MAUR,11528,12138,7,2658362,2020-02-21 00:14:00,2020-02-21 00:16:00,122,1,Thursday,MAUR,12138.0,0.2469387755102041,0.24557823129251702
2020-02-20,MSZ,11528,12138,8,2659151,2020-02-21 00:31:00,2020-02-21 00:33:00,140,1,Thursday,MSZ,12138.0,0.2969387755102041,0.2945578231292517
2020-02-20,BLZ,11528,12138,9,2658107,2020-02-21 00:47:00,2020-02-21 00:49:00,156,1,Thursday,BLZ,12138.0,0.3108843537414966,0.304421768707483
2020-02-20,BRZ,11528,12138,10,2733490,2020-02-21 01:02:00,2020-02-21 01:04:00,172,1,Thursday,BRZ,12138.0,0.3316326530612245,0.32278911564625845
2020-02-20,JHL,11528,12138,11,2659348,2020-02-21 01:21:00,2020-02-21 01:23:00,186,1,Thursday,JHL,12138.0,0.2714285714285714,0.2731292517006803
2020-02-20,TUN,11528,12138,12,2657804,2020-02-21 01:33:00,2020-02-21 01:35:00,198,1,Thursday,TUN,12138.0,0.32755102040816325,0.3180272108843537
2020-02-20,NRW,11528,12138,13,2659565,2020-02-21 01:54:00,2020-02-21 01:56:00,224,1,Thursday,NRW,12138.0,0.3598639455782313,0.3513605442176871
2020-02-20,JIND,11528,12138,14,2658192,2020-02-21 02:25:00,2020-02-21 02:28:00,258,1,Thursday,JIND,12138.0,0.28809523809523807,0.26734693877551025
2020-02-20,ROK,11528,12138,15,2659284,2020-02-21 03:10:00,2020-02-21 03:12:00,315,1,Thursday,ROK,12138.0,0.2534013605442177,0.28435374149659864
2020-02-20,BGZ,11528,12138,16,2657989,2020-02-21 03:38:00,2020-02-21 03:40:00,355,1,Thursday,BGZ,12138.0,0.35374149659863946,0.35306122448979593
2020-02-20,SSB,11528,12138,17,2658315,2020-02-21 04:18:00,2020-02-21 04:20:00,374,1,Thursday,SSB,12138.0,0.055442176870748296,0.18197278911564624
2020-02-20,DKZ,11528,12138,18,2659013,2020-02-21 04:33:00,2020-02-21 04:35:00,382,1,Thursday,DKZ,12138.0,0.18537414965986396,0.20034013605442175
2020-02-20,NDLS,11528,12138,19,2657756,2020-02-21 05:00:00,2020-02-21 05:15:00,386,1,Thursday,NDLS,12138.0,0.07619047619047618,0.12448979591836735
2020-02-20,FDB,11528,12138,20,2659398,2020-02-21 05:41:00,2020-02-21 05:43:00,414,1,Thursday,FDB,12138.0,0.4017006802721088,0.3989795918367347
2020-02-20,KSV,11528,12138,21,2734622,2020-02-21 06:57:00,2020-02-21 06:59:00,486,1,Thursday,KSV,12138.0,0.241156462585034,0.3775510204081633
2020-02-20,MTJ,11528,12138,22,2659144,2020-02-21 07:38:00,2020-02-21 07:40:00,527,1,Thursday,MTJ,12138.0,0.4064625850340136,0.4476190476190476
2020-02-20,RKM,11528,12138,23,2659326,2020-02-21 08:14:00,2020-02-21 08:16:00,577,1,Thursday,RKM,12138.0,0.6431972789115646,0.6472789115646259
2020-02-20,AGC,11528,12138,24,2657986,2020-02-21 08:30:00,2020-02-21 08:35:00,581,1,Thursday,AGC,12138.0,0.5993197278911565,0.6295918367346939
2020-02-20,DHO,11528,12138,25,2659095,2020-02-21 09:25:00,2020-02-21 09:27:00,634,1,Thursday,DHO,12138.0,0.6044217687074831,0.6619047619047618
2020-02-20,MRA,11528,12138,26,2659193,2020-02-21 09:53:00,2020-02-21 09:55:00,661,1,Thursday,MRA,12138.0,0.6340136054421769,0.7350340136054422
2020-02-20,GWL,11528,12138,27,2658454,2020-02-21 10:35:00,2020-02-21 10:40:00,699,1,Thursday,GWL,12138.0,0.7210884353741497,0.7363945578231292
2020-02-20,DBA,11528,12138,28,2658414,2020-02-21 11:15:00,2020-02-21 11:17:00,741,1,Thursday,DBA,12138.0,0.8142857142857144,0.8544217687074831
2020-02-20,DAA,11528,12138,29,2658432,2020-02-21 11:38:00,2020-02-21 11:40:00,772,1,Thursday,DAA,12138.0,0.9710884353741497,1.03843537414966
2020-02-20,JHS,11528,12138,30,2659350,2020-02-21 12:25:00,2020-02-21 12:35:00,797,1,Thursday,JHS,12138.0,0.7874149659863945,0.8564625850340136
2020-02-20,BAB,11528,12138,31,2657894,2020-02-21 13:00:00,2020-02-21 13:02:00,822,1,Thursday,BAB,12138.0,1.0438775510204081,1.1006802721088436
2020-02-20,LAR,11528,12138,32,2658398,2020-02-21 13:47:00,2020-02-21 13:49:00,887,1,Thursday,LAR,12138.0,1.201360544217687,1.2200680272108844
2020-02-20,BINA,11528,12138,33,2657929,2020-02-21 14:45:00,2020-02-21 14:50:00,950,1,Thursday,BINA,12138.0,1.4166666666666667,1.4285714285714286
2020-02-20,BAQ,11528,12138,34,2657881,2020-02-21 15:23:00,2020-02-21 15:25:00,996,1,Thursday,BAQ,12138.0,1.492857142857143,1.4925170068027211
2020-02-20,BHS,11528,12138,35,2658012,2020-02-21 15:52:00,2020-02-21 15:54:00,1035,1,Thursday,BHS,12138.0,1.5289115646258504,1.5343537414965986
2020-02-20,BPL,11528,12138,36,2658194,2020-02-21 16:50:00,2020-02-21 16:55:00,1088,1,Thursday,BPL,12138.0,1.3710884353741497,1.402721088435374
2020-02-20,HBJ,11528,12138,37,2658440,2020-02-21 17:07:00,2020-02-21 17:09:00,1095,1,Thursday,HBJ,12138.0,1.4095238095238096,1.4343537414965986
2020-02-20,HBD,11528,12138,38,2658443,2020-02-21 18:13:00,2020-02-21 18:15:00,1162,1,Thursday,HBD,12138.0,1.4887755102040816,1.5
2020-02-20,ET,11528,12138,39,2658804,2020-02-21 18:40:00,2020-02-21 18:46:00,1180,1,Thursday,ET,12138.0,1.5010204081632652,1.6044217687074829
2020-02-20,BPF,11528,12138,40,2731917,2020-02-21 19:13:00,2020-02-21 19:15:00,1214,1,Thursday,BPF,12138.0,1.6738095238095236,1.6802721088435375
2020-02-20,HD,11528,12138,41,2658940,2020-02-21 19:43:00,2020-02-21 19:45:00,1256,1,Thursday,HD,12138.0,1.7687074829931972,1.782312925170068
2020-02-20,KKN,11528,12138,42,2731952,2020-02-21 20:10:00,2020-02-21 20:12:00,1288,1,Thursday,KKN,12138.0,1.7608843537414967,1.758843537414966
2020-02-20,KNW,11528,12138,43,2658041,2020-02-21 21:35:00,2020-02-21 21:40:00,1364,1,Thursday,KNW,12138.0,1.3081632653061221,1.3289115646258505
2020-02-20,BAU,11528,12138,44,2657885,2020-02-21 22:28:00,2020-02-21 22:30:00,1433,1,Thursday,BAU,12138.0,1.3731292517006801,1.3738095238095236
2020-02-20,BSL,11528,12138,45,2657664,2020-02-21 23:30:00,2020-02-21 23:35:00,1487,1,Thursday,BSL,12138.0,1.2863945578231293,1.4068027210884353
2020-02-20,JL,11528,12138,46,2658959,2020-02-22 23:59:00,2020-02-22 00:01:00,1511,2,Thursday,JL,12138.0,1.4574829931972788,1.4908163265306122
2020-02-20,CSN,11528,12138,47,2658714,2020-02-22 00:59:00,2020-02-22 01:01:00,1604,2,Thursday,CSN,12138.0,1.6547619047619047,1.663265306122449
2020-02-20,MMR,11528,12138,48,2658996,2020-02-22 01:50:00,2020-02-22 01:55:00,1671,2,Thursday,MMR,12138.0,1.6880952380952379,1.8581632653061222
2020-02-20,NK,11528,12138,49,2658902,2020-02-22 02:45:00,2020-02-22 02:50:00,1744,2,Thursday,NK,12138.0,1.9319727891156464,1.9193877551020406
2020-02-20,DVL,11528,12138,50,2733304,2020-02-22 02:58:00,2020-02-22 03:00:00,1750,2,Thursday,DVL,12138.0,1.9105442176870748,1.922108843537415
2020-02-20,IGP,11528,12138,51,2658818,2020-02-22 04:25:00,2020-02-22 04:30:00,1795,2,Thursday,IGP,12138.0,1.169047619047619,1.2329931972789117
2020-02-20,KYN,11528,12138,52,2658310,2020-02-22 06:20:00,2020-02-22 06:25:00,1877,2,Thursday,KYN,12138.0,1.3734693877551019,1.397278911564626
2020-02-20,DR,11528,12138,53,2658794,2020-02-22 07:02:00,2020-02-22 07:05:00,1919,2,Thursday,DR,12138.0,1.2081632653061223,1.201360544217687
2020-02-20,CSMT,11529,12139,1,10448787,,2020-02-20 14:55:00,0,0,Thursday,CSMT,12139.0,0.0,0.03814814814814815
2020-02-20,DR,11529,12139,2,2658794,2020-02-20 15:02:00,2020-02-20 15:05:00,9,0,Thursday,DR,12139.0,0.06037037037037037,0.048888888888888885
2020-02-20,TNA,11529,12139,3,2658206,2020-02-20 15:30:00,2020-02-20 15:33:00,33,0,Thursday,TNA,12139.0,0.11333333333333333,0.10222222222222223
2020-02-20,KYN,11529,12139,4,2658310,2020-02-20 15:55:00,2020-02-20 15:58:00,51,0,Thursday,KYN,12139.0,0.07444444444444445,0.1
2020-02-20,KSRA,11529,12139,5,2658819,2020-02-20 16:58:00,2020-02-20 17:00:00,118,0,Thursday,KSRA,12139.0,0.20518518518518516,0.27851851851851855
2020-02-20,IGP,11529,12139,6,2658818,2020-02-20 17:30:00,2020-02-20 17:35:00,133,0,Thursday,IGP,12139.0,0.292962962962963,0.3188888888888889
2020-02-20,DVL,11529,12139,7,2733304,2020-02-20 18:15:00,2020-02-20 18:17:00,178,0,Thursday,DVL,12139.0,0.2833333333333333,0.29333333333333333
2020-02-20,NK,11529,12139,8,2658902,2020-02-20 18:25:00,2020-02-20 18:30:00,183,0,Thursday,NK,12139.0,0.2788888888888889,0.27444444444444444
2020-02-20,NR,11529,12139,9,2658921,2020-02-20 18:58:00,2020-02-20 19:00:00,215,0,Thursday,NR,12139.0,0.21444444444444447,0.27518518518518514
2020-02-20,LS,11529,12139,10,2658888,2020-02-20 19:18:00,2020-02-20 19:20:00,231,0,Thursday,LS,12139.0,0.21407407407407406,0.23777777777777778
2020-02-20,MMR,11529,12139,11,2658996,2020-02-20 19:42:00,2020-02-20 19:45:00,256,0,Thursday,MMR,12139.0,0.2137037037037037,0.25703703703703706
2020-02-20,NGN,11529,12139,12,2659357,2020-02-20 20:08:00,2020-02-20 20:10:00,282,0,Thursday,NGN,12139.0,0.21,0.22888888888888886
2020-02-20,CSN,11529,12139,13,2658714,2020-02-20 20:38:00,2020-02-20 20:40:00,324,0,Thursday,CSN,12139.0,0.2485185185185185,0.26185185185185184
2020-02-20,PC,11529,12139,14,2659051,2020-02-20 21:08:00,2020-02-20 21:10:00,368,0,Thursday,PC,12139.0,0.34148148148148144,0.36333333333333334
2020-02-20,JL,11529,12139,15,2658959,2020-02-20 21:48:00,2020-02-20 21:50:00,416,0,Thursday,JL,12139.0,0.3944444444444445,0.42037037037037034
2020-02-20,BSL,11529,12139,16,2657664,2020-02-20 22:20:00,2020-02-20 22:25:00,440,0,Thursday,BSL,12139.0,0.3774074074074074,0.47629629629629633
2020-02-20,VNA,11529,12139,17,2659096,2020-02-20 22:44:00,2020-02-20 22:45:00,453,0,Thursday,VNA,12139.0,0.5070370370370371,0.5533333333333333
2020-02-20,BDWD,11529,12139,18,2658441,2020-02-20 23:03:00,2020-02-20 23:05:00,471,0,Thursday,BDWD,12139.0,0.5255555555555556,0.5677777777777778
2020-02-20,MKU,11529,12139,19,2659030,2020-02-20 23:23:00,2020-02-20 23:25:00,490,0,Thursday,MKU,12139.0,0.542962962962963,0.5781481481481482
2020-02-20,NN,11529,12139,20,2658901,2020-02-20 23:48:00,2020-02-20 23:50:00,518,0,Thursday,NN,12139.0,0.5685185185185185,0.5996296296296296
2020-02-20,JM,11529,12139,21,2733461,2020-02-21 00:13:00,2020-02-21 00:15:00,530,1,Thursday,JM,12139.0,0.39555555555555555,0.41074074074074074
2020-02-20,SEG,11529,12139,22,2658547,2020-02-21 00:28:00,2020-02-21 00:30:00,543,1,Thursday,SEG,12139.0,0.3944444444444445,0.41185185185185186
2020-02-20,AK,11529,12139,23,2658847,2020-02-21 01:10:00,2020-02-21 01:15:00,580,1,Thursday,AK,12139.0,0.29444444444444445,0.3274074074074074
2020-02-20,MZR,11529,12139,24,2659323,2020-02-21 01:45:00,2020-02-21 01:47:00,617,1,Thursday,MZR,12139.0,0.37037037037037035,0.3722222222222222
2020-02-20,BD,11529,12139,25,2658859,2020-02-21 02:35:00,2020-02-21 02:40:00,659,1,Thursday,BD,12139.0,0.16666666666666666,0.2555555555555556
2020-02-20,CND,11529,12139,26,2658592,2020-02-21 03:05:00,2020-02-21 03:07:00,688,1,Thursday,CND,12139.0,0.2644444444444444,0.2662962962962963
2020-02-20,DMN,11529,12139,27,2659179,2020-02-21 03:20:00,2020-02-21 03:22:00,704,1,Thursday,DMN,12139.0,0.292962962962963,0.30148148148148146
2020-02-20,PLO,11529,12139,28,2658333,2020-02-21 03:37:00,2020-02-21 03:39:00,724,1,Thursday,PLO,12139.0,0.33444444444444443,0.33444444444444443
2020-02-20,WR,11529,12139,29,2658999,2020-02-21 04:10:00,2020-02-21 04:20:00,754,1,Thursday,WR,12139.0,0.18259259259259258,0.2537037037037037
2020-02-20,SEGM,11529,12139,30,2658373,2020-02-21 04:25:00,2020-02-21 04:27:00,757,1,Thursday,SEGM,12139.0,0.2588888888888889,0.27037037037037037
2020-02-20,BPK,11529,12139,31,2658195,2020-02-21 06:15:00,2020-02-21 06:16:00,769,1,Thursday,BPK,12139.0,0.2588888888888889,0.27037037037037037
2020-02-20,SNN,11529,12139,32,2658762,2020-02-21 06:30:00,2020-02-21 06:31:00,776,1,Thursday,SNN,12139.0,0.2588888888888889,0.27037037037037037
2020-02-20,SNI,11529,12139,33,2658757,2020-02-21 04:48:00,2020-02-21 04:50:00,786,1,Thursday,SNI,12139.0,0.3877777777777778,0.38
2020-02-20,HGT,11529,12139,34,2658236,2020-02-21 06:53:00,2020-02-21 06:54:00,793,1,Thursday,HGT,12139.0,0.3877777777777778,0.38
2020-02-20,NGI,11529,12139,35,2659370,2020-02-21 07:13:00,2020-02-21 07:14:00,808,1,Thursday,NGI,12139.0,0.3877777777777778,0.38
2020-02-20,CKNI,11529,12139,36,2733459,2020-02-21 07:25:00,2020-02-21 07:26:00,821,1,Thursday,CKNI,12139.0,0.3877777777777778,0.38
2020-02-20,AJNI,11529,12139,37,2659433,2020-02-21 05:35:00,2020-02-21 05:37:00,830,1,Thursday,AJNI,12139.0,0.26481481481481484,0.2603703703703704
2020-02-20,WRR,11529,12139,38,2658633,2020-02-21 07:36:00,2020-02-21 07:37:00,831,1,Thursday,WRR,12139.0,0.26481481481481484,0.2603703703703704
2020-02-20,MJRI,11529,12139,40,2658822,2020-02-21 07:47:00,2020-02-21 07:48:00,843,1,Thursday,MJRI,12139.0,0.05333333333333334,0.0
2020-02-20,BUX,11529,12139,41,2657773,2020-02-21 07:58:00,2020-02-21 07:59:00,853,1,Thursday,BUX,12139.0,0.05333333333333334,0.0
2020-02-20,TAE,11529,12139,42,2658360,2020-02-21 08:09:00,2020-02-21 08:10:00,862,1,Thursday,TAE,12139.0,0.05333333333333334,0.0
2020-02-20,CD,11529,12139,43,2658780,2020-02-21 08:30:00,2020-02-21 08:32:00,877,1,Thursday,CD,12139.0,0.05333333333333334,0.0
2020-02-20,BUPH,11529,12139,44,2733414,2020-02-21 08:41:00,2020-02-21 08:42:00,882,1,Thursday,BUPH,12139.0,0.05333333333333334,0.0
2020-02-20,GNVR,11529,12139,45,2750135,2020-02-21 08:47:00,2020-02-21 08:48:00,886,1,Thursday,GNVR,12139.0,0.26296296296296295,0.2737037037037037
2020-02-20,NDLS,11849,12616,1,2657756,,2020-02-20 18:40:00,0,0,Thursday,NDLS,12616.0,0.0,0.04751773049645391
2020-02-20,MTJ,11849,12616,2,2659144,2020-02-20 20:35:00,2020-02-20 20:40:00,141,0,Thursday,MTJ,12616.0,0.2936170212765957,0.3060283687943262
2020-02-20,RKM,11849,12616,3,2659326,2020-02-20 21:16:00,2020-02-20 21:18:00,191,0,Thursday,RKM,12616.0,0.423758865248227,0.4397163120567376
2020-02-20,AGC,11849,12616,4,2657986,2020-02-20 21:30:00,2020-02-20 21:35:00,195,0,Thursday,AGC,12616.0,0.42092198581560286,0.4297872340425532
2020-02-20,DHO,11849,12616,5,2659095,2020-02-20 22:20:00,2020-02-20 22:22:00,248,0,Thursday,DHO,12616.0,0.40886524822695036,0.43829787234042555
2020-02-20,MRA,11849,12616,6,2659193,2020-02-20 22:45:00,2020-02-20 22:47:00,275,0,Thursday,MRA,12616.0,0.4677304964539007,0.4932624113475177
2020-02-20,GWL,11849,12616,7,2658454,2020-02-20 23:16:00,2020-02-20 23:21:00,313,0,Thursday,GWL,12616.0,0.4241134751773049,0.4471631205673759
2020-02-20,JHS,11849,12616,8,2659350,2020-02-21 00:45:00,2020-02-21 00:55:00,411,1,Thursday,JHS,12616.0,0.6343971631205674,0.6829787234042554
2020-02-20,BINA,11849,12616,9,2657929,2020-02-21 03:15:00,2020-02-21 03:20:00,564,1,Thursday,BINA,12616.0,0.8202127659574467,0.8560283687943263
2020-02-20,BAQ,11849,12616,10,2657881,2020-02-21 03:52:00,2020-02-21 03:54:00,610,1,Thursday,BAQ,12616.0,1.026241134751773,1.0386524822695036
2020-02-20,BHS,11849,12616,11,2658012,2020-02-21 04:23:00,2020-02-21 04:25:00,649,1,Thursday,BHS,12616.0,1.0836879432624114,1.099290780141844
2020-02-20,BPL,11849,12616,12,2658194,2020-02-21 05:20:00,2020-02-21 05:25:00,703,1,Thursday,BPL,12616.0,0.9514184397163121,1.0117021276595743
2020-02-20,HBJ,11849,12616,13,2658440,2020-02-21 05:37:00,2020-02-21 05:39:00,709,1,Thursday,HBJ,12616.0,1.0216312056737589,1.0468085106382978
2020-02-20,HBD,11849,12616,14,2658443,2020-02-21 06:50:00,2020-02-21 06:52:00,776,1,Thursday,HBD,12616.0,1.0882978723404255,1.098936170212766
2020-02-20,ET,11849,12616,15,2658804,2020-02-21 07:21:00,2020-02-21 07:30:00,794,1,Thursday,ET,12616.0,1.024468085106383,1.053900709219858
2020-02-20,GDYA,11849,12616,16,2731936,2020-02-21 08:28:00,2020-02-21 08:30:00,865,1,Thursday,GDYA,12616.0,1.0485815602836879,1.0712765957446808
2020-02-20,BZU,11849,12616,17,2657828,2020-02-21 09:15:00,2020-02-21 09:18:00,901,1,Thursday,BZU,12616.0,1.0858156028368795,1.09468085106383
2020-02-20,AMLA,11849,12616,18,2657827,2020-02-21 09:43:00,2020-02-21 09:45:00,925,1,Thursday,AMLA,12616.0,1.024468085106383,1.049290780141844
2020-02-20,PAR,11849,12616,19,2658393,2020-02-21 10:41:00,2020-02-21 10:43:00,988,1,Thursday,PAR,12616.0,1.169503546099291,1.1868794326241137
2020-02-20,NRKR,11849,12616,20,2657941,2020-02-21 10:59:00,2020-02-21 11:01:00,1007,1,Thursday,NRKR,12616.0,1.1783687943262413,1.1936170212765957
2020-02-20,NGP,11849,12616,21,2659359,2020-02-21 12:25:00,2020-02-21 12:30:00,1093,1,Thursday,NGP,12616.0,1.1113475177304966,1.219503546099291
2020-02-20,SEGM,11849,12616,22,2658373,2020-02-21 13:32:00,2020-02-21 13:34:00,1169,1,Thursday,SEGM,12616.0,1.5074468085106383,1.5170212765957447
2020-02-20,HGT,11849,12616,23,2658236,2020-02-21 14:02:00,2020-02-21 14:04:00,1202,1,Thursday,HGT,12616.0,1.5099290780141845,1.5141843971631206
2020-02-20,CD,11849,12616,24,2658780,2020-02-21 15:08:00,2020-02-21 15:11:00,1288,1,Thursday,CD,12616.0,1.543971631205674,1.5361702127659576
2020-02-20,BPQ,11849,12616,25,2658211,2020-02-21 16:00:00,2020-02-21 16:05:00,1301,1,Thursday,BPQ,12616.0,1.0088652482269505,1.1567375886524822
2020-02-20,SKZR,11849,12616,26,2733191,2020-02-21 16:54:00,2020-02-21 16:55:00,1371,1,Thursday,SKZR,12616.0,1.3319148936170213,1.347872340425532
2020-02-20,BPA,11849,12616,27,2732117,2020-02-21 17:31:00,2020-02-21 17:32:00,1410,1,Thursday,BPA,12616.0,1.3641843971631207,1.3684397163120567
2020-02-20,MCI,11849,12616,28,2658898,2020-02-21 17:48:00,2020-02-21 17:49:00,1429,1,Thursday,MCI,12616.0,1.4652482269503546,1.4822695035460993
2020-02-20,RDM,11849,12616,29,2733232,2020-02-21 17:59:00,2020-02-21 18:00:00,1443,1,Thursday,RDM,12616.0,1.6120567375886525,1.6397163120567375
2020-02-20,WL,11849,12616,30,2659008,2020-02-21 19:30:00,2020-02-21 19:35:00,1544,1,Thursday,WL,12616.0,1.7113475177304964,1.7046099290780141
2020-02-20,KMT,11849,12616,31,2658066,2020-02-21 20:58:00,2020-02-21 21:00:00,1652,1,Thursday,KMT,12616.0,1.7684397163120567,1.7741134751773049
2020-02-20,BZA,11849,12616,32,2657824,2020-02-21 23:15:00,2020-02-21 23:20:00,1751,1,Thursday,BZA,12616.0,1.2255319148936172,1.3308510638297872
2020-02-20,TEL,11849,12616,33,2657987,2020-02-21 23:48:00,2020-02-21 23:49:00,1783,1,Thursday,TEL,12616.0,1.4709219858156029,1.4780141843971633
2020-02-20,BPP,11849,12616,34,2658210,2020-02-22 00:21:00,2020-02-22 00:22:00,1825,2,Thursday,BPP,12616.0,1.65177304964539,1.6656028368794327
2020-02-20,CLX,11849,12616,35,2658650,2020-02-22 00:33:00,2020-02-22 00:34:00,1840,2,Thursday,CLX,12616.0,1.7358156028368794,1.7468085106382978
2020-02-20,OGL,11849,12616,36,2657808,2020-02-22 01:17:00,2020-02-22 01:18:00,1890,2,Thursday,OGL,12616.0,1.651418439716312,1.6741134751773048
2020-02-20,NLR,11849,12616,37,2659518,2020-02-22 02:34:00,2020-02-22 02:35:00,2006,2,Thursday,NLR,12616.0,1.751418439716312,1.7861702127659576
2020-02-20,GDR,11849,12616,38,2657687,2020-02-22 03:53:00,2020-02-22 03:55:00,2045,2,Thursday,GDR,12616.0,1.30177304964539,1.3343971631205673
2020-02-20,ERS,11850,12617,1,2659585,,2020-02-20 10:50:00,0,0,Thursday,ERS,12617.0,0.0,0.03829787234042554
2020-02-20,AWY,11850,12617,2,2657810,2020-02-20 11:08:00,2020-02-20 11:10:00,20,0,Thursday,AWY,12617.0,0.34929078014184395,0.3567375886524823
2020-02-20,TCR,11850,12617,3,2658364,2020-02-20 12:10:00,2020-02-20 12:13:00,74,0,Thursday,TCR,12617.0,0.676241134751773,0.6936170212765959
2020-02-20,SRR,11850,12617,4,2658666,2020-02-20 13:05:00,2020-02-20 13:10:00,107,0,Thursday,SRR,12617.0,0.7216312056737589,0.473404255319149
2020-02-20,PTB,11850,12617,5,2658731,2020-02-20 13:24:00,2020-02-20 13:25:00,119,0,Thursday,PTB,12617.0,0.5202127659574468,0.5343971631205674
2020-02-20,KTU,11850,12617,6,2658248,2020-02-20 13:38:00,2020-02-20 13:40:00,137,0,Thursday,KTU,12617.0,0.5460992907801419,0.5790780141843971
2020-02-20,TIR,11850,12617,7,2657930,2020-02-20 13:53:00,2020-02-20 13:55:00,152,0,Thursday,TIR,12617.0,0.553191489361702,0.5904255319148937
2020-02-20,PGI,11850,12617,8,2658289,2020-02-20 14:08:00,2020-02-20 14:10:00,168,0,Thursday,PGI,12617.0,0.6436170212765958,0.6563829787234041
2020-02-20,FK,11850,12617,9,2733324,2020-02-20 14:23:00,2020-02-20 14:25:00,183,0,Thursday,FK,12617.0,0.6163120567375887,0.6407801418439717
2020-02-20,CLT,11850,12617,10,2658645,2020-02-20 14:42:00,2020-02-20 14:45:00,193,0,Thursday,CLT,12617.0,0.5787234042553191,0.672340425531915
2020-02-20,QLD,11850,12617,11,2658803,2020-02-20 15:08:00,2020-02-20 15:10:00,218,0,Thursday,QLD,12617.0,0.7390070921985816,0.7482269503546098
2020-02-20,BDJ,11850,12617,12,2733463,2020-02-20 15:28:00,2020-02-20 15:30:00,240,0,Thursday,BDJ,12617.0,0.7223404255319149,0.7382978723404255
2020-02-20,TLY,11850,12617,13,2733405,2020-02-20 15:53:00,2020-02-20 15:55:00,262,0,Thursday,TLY,12617.0,0.621631205673759,0.648936170212766
2020-02-20,CAN,11850,12617,14,2657873,2020-02-20 16:22:00,2020-02-20 16:25:00,282,0,Thursday,CAN,12617.0,0.6776595744680851,0.7056737588652483
2020-02-20,PAZ,11850,12617,15,2733469,2020-02-20 16:43:00,2020-02-20 16:45:00,304,0,Thursday,PAZ,12617.0,0.721276595744681,0.728014184397163
2020-02-20,PAY,11850,12617,16,2658397,2020-02-20 16:58:00,2020-02-20 17:00:00,316,0,Thursday,PAY,12617.0,0.6709219858156029,0.6861702127659574
2020-02-20,NLE,11850,12617,17,2659513,2020-02-20 17:18:00,2020-02-20 17:20:00,336,0,Thursday,NLE,12617.0,0.7269503546099292,0.752127659574468
2020-02-20,KZE,11850,12617,18,2658323,2020-02-20 17:33:00,2020-02-20 17:35:00,345,0,Thursday,KZE,12617.0,0.7017730496453901,0.7113475177304964
2020-02-20,KGQ,11850,12617,19,2658005,2020-02-20 17:53:00,2020-02-20 17:55:00,369,0,Thursday,KGQ,12617.0,0.7092198581560284,0.725886524822695
2020-02-20,MAJN,11850,12617,20,2658724,2020-02-20 19:00:00,2020-02-20 19:15:00,416,0,Thursday,MAJN,12617.0,0.31985815602836876,0.3964539007092199
2020-02-20,UD,11850,12617,21,2658974,2020-02-20 21:06:00,2020-02-20 21:08:00,478,0,Thursday,UD,12617.0,0.3322695035460993,0.40106382978723404
2020-02-20,KUDA,11850,12617,22,2731989,2020-02-20 21:34:00,2020-02-20 21:36:00,510,0,Thursday,KUDA,12617.0,0.4659574468085106,0.5163120567375886
2020-02-20,BTJL,11850,12617,23,2659446,2020-02-20 22:22:00,2020-02-20 22:24:00,559,0,Thursday,BTJL,12617.0,0.7195035460992908,0.7361702127659574
2020-02-20,KT,11850,12617,24,2658864,2020-02-20 23:13:00,2020-02-20 23:15:00,614,0,Thursday,KT,12617.0,0.6205673758865248,0.6294326241134752
2020-02-20,KAWR,11850,12617,25,2658130,2020-02-21 00:12:00,2020-02-21 00:14:00,669,1,Thursday,KAWR,12617.0,0.6929078014184397,0.6978723404255319
2020-02-20,MAO,11850,12617,26,2658936,2020-02-21 01:25:00,2020-02-21 01:35:00,729,1,Thursday,MAO,12617.0,0.6780141843971631,0.7578014184397163
2020-02-20,THVM,11850,12617,27,2657663,2020-02-21 02:20:00,2020-02-21 02:22:00,775,1,Thursday,THVM,12617.0,0.9599290780141845,0.9843971631205674
2020-02-20,KKW,11850,12617,28,2734508,2020-02-21 03:32:00,2020-02-21 03:34:00,854,1,Thursday,KKW,12617.0,0.49858156028368794,0.6152482269503545
2020-02-20,RN,11850,12617,29,2659091,2020-02-21 06:00:00,2020-02-21 06:05:00,965,1,Thursday,RN,12617.0,0.6109929078014184,0.6578014184397163
2020-02-20,CHI,11850,12617,30,2658572,2020-02-21 07:35:00,2020-02-21 07:37:00,1040,1,Thursday,CHI,12617.0,0.7861702127659574,0.875886524822695
2020-02-20,PNVL,11850,12617,31,2659322,2020-02-21 12:50:00,2020-02-21 12:55:00,1243,1,Thursday,PNVL,12617.0,0.05319148936170213,0.20992907801418437
2020-02-20,KYN,11850,12617,32,2658310,2020-02-21 13:40:00,2020-02-21 13:43:00,1277,1,Thursday,KYN,12617.0,0.42801418439716316,0.4680851063829787
2020-02-20,IGP,11850,12617,33,2658818,2020-02-21 15:50:00,2020-02-21 15:55:00,1359,1,Thursday,IGP,12617.0,0.8868794326241134,1.0790780141843972
2020-02-20,NK,11850,12617,34,2658902,2020-02-21 16:35:00,2020-02-21 16:40:00,1410,1,Thursday,NK,12617.0,0.5897163120567375,0.6145390070921987
2020-02-20,MMR,11850,12617,35,2658996,2020-02-21 17:38:00,2020-02-21 17:40:00,1483,1,Thursday,MMR,12617.0,0.49645390070921985,0.5929078014184397
2020-02-20,BSL,11850,12617,36,2657664,2020-02-21 20:00:00,2020-02-21 20:05:00,1667,1,Thursday,BSL,12617.0,0.6432624113475178,0.7585106382978724
2020-02-20,BAU,11850,12617,37,2657885,2020-02-21 20:48:00,2020-02-21 20:50:00,1721,1,Thursday,BAU,12617.0,0.977659574468085,0.976241134751773
2020-02-20,KNW,11850,12617,38,2658041,2020-02-21 22:32:00,2020-02-21 22:35:00,1790,1,Thursday,KNW,12617.0,0.2329787234042553,0.35815602836879434
2020-02-20,ET,11850,12617,39,2658804,2020-02-22 00:55:00,2020-02-22 01:05:00,1974,2,Thursday,ET,12617.0,0.448936170212766,0.4840425531914894
2020-02-20,BPL,11850,12617,40,2658194,2020-02-22 02:40:00,2020-02-22 02:45:00,2065,2,Thursday,BPL,12617.0,0.5815602836879432,0.6631205673758865
2020-02-20,BINA,11850,12617,41,2657929,2020-02-22 04:40:00,2020-02-22 04:45:00,2204,2,Thursday,BINA,12617.0,0.5216312056737589,0.5691489361702128
2020-02-20,JHS,11850,12617,42,2659350,2020-02-22 06:45:00,2020-02-22 06:55:00,2357,2,Thursday,JHS,12617.0,0.697163120567376,0.7304964539007093
2020-02-20,GWL,11850,12617,43,2658454,2020-02-22 08:05:00,2020-02-22 08:10:00,2455,2,Thursday,GWL,12617.0,1.0195035460992907,1.0134751773049646
2020-02-20,MRA,11850,12617,44,2659193,2020-02-22 08:37:00,2020-02-22 08:39:00,2493,2,Thursday,MRA,12617.0,1.0936170212765959,1.0936170212765959
2020-02-20,AGC,11850,12617,45,2657986,2020-02-22 10:00:00,2020-02-22 10:05:00,2573,2,Thursday,AGC,12617.0,0.927304964539007,0.9804964539007093
2020-02-20,MTJ,11850,12617,46,2659144,2020-02-22 10:50:00,2020-02-22 10:52:00,2627,2,Thursday,MTJ,12617.0,1.1542553191489362,1.2124113475177305
2020-02-20,FDB,11850,12617,47,2659398,2020-02-22 12:41:00,2020-02-22 12:43:00,2740,2,Thursday,FDB,12617.0,0.8865248226950354,0.9138297872340426
2020-02-20,HWH,13260,12311,1,2659041,,2020-02-20 19:40:00,0,0,Thursday,HWH,12311.0,0.0,0.43061224489795913
2020-02-20,BWN,13260,12311,2,2733587,2020-02-20 20:50:00,2020-02-20 20:55:00,95,0,Thursday,BWN,12311.0,0.5744897959183674,0.5717687074829932
2020-02-20,DGR,13260,12311,3,2659071,2020-02-20 21:43:00,2020-02-20 21:45:00,158,0,Thursday,DGR,12311.0,0.48333333333333334,0.5061224489795918
2020-02-20,ASN,13260,12311,4,2657726,2020-02-20 22:17:00,2020-02-20 22:22:00,201,0,Thursday,ASN,12311.0,0.6193877551020408,0.6040816326530611
2020-02-20,DHN,13260,12311,5,2659097,2020-02-20 23:26:00,2020-02-20 23:31:00,259,0,Thursday,DHN,12311.0,0.608843537414966,0.6244897959183674
2020-02-20,GMO,13260,12311,6,2658618,2020-02-21 23:56:00,2020-02-21 00:01:00,289,1,Thursday,GMO,12311.0,0.6098639455782313,0.6414965986394559
2020-02-20,PNME,13260,12311,7,2734393,2020-02-21 00:12:00,2020-02-21 00:15:00,307,1,Thursday,PNME,12311.0,0.7224489795918367,0.7163265306122448
2020-02-20,HZD,13260,12311,8,2658990,2020-02-21 00:36:00,2020-02-21 00:39:00,334,1,Thursday,HZD,12311.0,0.6969387755102041,0.6945578231292516
2020-02-20,KQR,13260,12311,9,2733883,2020-02-21 01:11:00,2020-02-21 01:14:00,382,1,Thursday,KQR,12311.0,0.7840136054421768,0.7748299319727892
2020-02-20,GAYA,13260,12311,10,2657836,2020-02-21 02:55:00,2020-02-21 03:00:00,458,1,Thursday,GAYA,12311.0,0.36938775510204086,0.4860544217687075
2020-02-20,DOS,13260,12311,11,2659213,2020-02-21 03:57:00,2020-02-21 03:59:00,543,1,Thursday,DOS,12311.0,0.6455782312925169,0.648639455782313
2020-02-20,SSM,13260,12311,12,2658320,2020-02-21 04:12:00,2020-02-21 04:14:00,561,1,Thursday,SSM,12311.0,0.6935374149659863,0.6945578231292516
2020-02-20,BBU,13260,12311,13,2657908,2020-02-21 04:45:00,2020-02-21 04:47:00,609,1,Thursday,BBU,12311.0,0.7448979591836734,0.7472789115646259
2020-02-20,DDU,13260,12311,14,10448973,2020-02-21 06:10:00,2020-02-21 06:25:00,663,1,Thursday,DDU,12311.0,0.3792517006802721,0.5425170068027211
2020-02-20,MZP,13260,12311,15,2659327,2020-02-21 07:35:00,2020-02-21 07:37:00,727,1,Thursday,MZP,12311.0,0.819047619047619,0.826530612244898
2020-02-20,PRYJ,13260,12311,16,2658173,2020-02-21 09:00:00,2020-02-21 09:10:00,816,1,Thursday,PRYJ,12311.0,0.819047619047619,0.826530612244898
2020-02-20,FTP,13260,12311,17,2657927,2020-02-21 10:50:00,2020-02-21 10:52:00,933,1,Thursday,FTP,12311.0,1.735374149659864,1.7602040816326532
2020-02-20,CNB,13260,12311,18,2658594,2020-02-21 12:25:00,2020-02-21 12:35:00,1010,1,Thursday,CNB,12311.0,1.5959183673469388,1.6969387755102041
2020-02-20,PHD,13260,12311,19,2658263,2020-02-21 13:44:00,2020-02-21 13:46:00,1094,1,Thursday,PHD,12311.0,2.1622448979591837,2.169727891156463
2020-02-20,ETW,13260,12311,20,2659554,2020-02-21 14:25:00,2020-02-21 14:30:00,1150,1,Thursday,ETW,12311.0,2.354761904761905,2.3578231292517007
2020-02-20,SKB,13260,12311,21,2658678,2020-02-21 15:06:00,2020-02-21 15:08:00,1205,1,Thursday,SKB,12311.0,2.852721088435374,2.864625850340136
2020-02-20,FZD,13260,12311,22,2657816,2020-02-21 15:30:00,2020-02-21 15:35:00,1225,1,Thursday,FZD,12311.0,2.7904761904761908,2.764625850340136
2020-02-20,TDL,13260,12311,23,2658366,2020-02-21 16:10:00,2020-02-21 16:15:00,1242,1,Thursday,TDL,12311.0,2.5064625850340136,2.506802721088435
2020-02-20,HRS,13260,12311,24,2659104,2020-02-21 16:53:00,2020-02-21 16:55:00,1290,1,Thursday,HRS,12311.0,2.635034013605442,2.644897959183673
2020-02-20,ALJN,13260,12311,25,2658371,2020-02-21 17:20:00,2020-02-21 17:25:00,1320,1,Thursday,ALJN,12311.0,2.7272108843537413,2.7231292517006804
2020-02-20,KRJ,13260,12311,26,2658133,2020-02-21 17:55:00,2020-02-21 17:57:00,1363,1,Thursday,KRJ,12311.0,2.8098639455782313,2.8210884353741497
2020-02-20,GZB,13260,12311,27,2658532,2020-02-21 20:00:00,2020-02-21 20:02:00,1426,1,Thursday,GZB,12311.0,1.9108843537414968,1.952721088435374
2020-02-20,DLI,13260,12311,28,2659025,2020-02-21 21:00:00,2020-02-21 21:30:00,1446,1,Thursday,DLI,12311.0,1.8717687074829932,1.7768707482993198
2020-02-20,SZM,13260,12311,29,2658271,2020-02-21 21:43:00,2020-02-21 21:45:00,1449,1,Thursday,SZM,12311.0,1.8153061224489797,1.820408163265306
2020-02-20,SNP,13260,12311,30,2658765,2020-02-21 22:14:00,2020-02-21 22:16:00,1489,1,Thursday,SNP,12311.0,1.9187074829931974,1.9343537414965986
2020-02-20,GNU,13260,12311,31,2731978,2020-02-21 22:29:00,2020-02-21 22:31:00,1505,1,Thursday,GNU,12311.0,1.942517006802721,1.9408163265306122
2020-02-20,SMK,13260,12311,32,2658733,2020-02-21 22:43:00,2020-02-21 22:45:00,1518,1,Thursday,SMK,12311.0,1.9346938775510203,1.9564625850340136
2020-02-20,PNP,13260,12311,33,2658611,2020-02-21 23:01:00,2020-02-21 23:03:00,1535,1,Thursday,PNP,12311.0,1.9421768707482994,1.9517006802721089
2020-02-20,KUN,13260,12311,34,2658272,2020-02-21 23:30:00,2020-02-21 23:32:00,1569,1,Thursday,KUN,12311.0,1.9918367346938777,2.0272108843537415
2020-02-20,KKDE,13260,12311,35,2659417,2020-02-22 00:36:00,2020-02-22 00:38:00,1602,2,Thursday,KKDE,12311.0,1.5224489795918366,1.6040816326530611
2020-02-20,UMB,13260,12311,36,2659509,2020-02-22 01:55:00,2020-02-22 02:05:00,1644,2,Thursday,UMB,12311.0,1.2197278911564626,1.3370748299319726
2020-02-20,CDG,13260,12311,37,2658510,2020-02-22 02:55:00,2020-02-22 03:55:00,1689,2,Thursday,CDG,12311.0,1.2408163265306122,0.9394557823129251
2020-02-20,CNDM,13260,12311,38,2658553,2020-02-22 04:08:00,2020-02-22 04:10:00,1698,2,Thursday,CNDM,12311.0,1.0908163265306121,1.0972789115646258
2020-02-20,HWH,11628,12321,1,2659041,,2020-02-20 21:55:00,0,0,Thursday,HWH,12321.0,0.0,0.07482269503546098
2020-02-20,BWN,11628,12321,2,2733587,2020-02-20 23:05:00,2020-02-20 23:10:00,95,0,Thursday,BWN,12321.0,0.17446808510638298,0.175177304964539
2020-02-20,PAN,11628,12321,3,2658408,2020-02-20 23:47:00,2020-02-20 23:49:00,143,0,Thursday,PAN,12321.0,0.10319148936170212,0.12304964539007092
2020-02-20,DGR,11628,12321,4,2659071,2020-02-21 00:02:00,2020-02-21 00:04:00,158,1,Thursday,DGR,12321.0,0.10638297872340426,0.11347517730496454
2020-02-20,RNG,11628,12321,5,2659248,2020-02-21 00:21:00,2020-02-21 00:23:00,182,1,Thursday,RNG,12321.0,0.20141843971631207,0.20106382978723406
2020-02-20,ASN,11628,12321,6,2657726,2020-02-21 00:38:00,2020-02-21 00:43:00,201,1,Thursday,ASN,12321.0,0.24290780141843973,0.2301418439716312
2020-02-20,BRR,11628,12321,7,2657670,2020-02-21 01:03:00,2020-02-21 01:05:00,218,1,Thursday,BRR,12321.0,0.2602836879432624,0.26205673758865244
2020-02-20,DHN,11628,12321,8,2659097,2020-02-21 02:05:00,2020-02-21 02:10:00,259,1,Thursday,DHN,12321.0,0.02056737588652482,0.12340425531914893
2020-02-20,GMO,11628,12321,9,2658618,2020-02-21 02:34:00,2020-02-21 02:39:00,289,1,Thursday,GMO,12321.0,0.09397163120567377,0.14645390070921985
2020-02-20,PNME,11628,12321,10,2734393,2020-02-21 02:52:00,2020-02-21 02:54:00,307,1,Thursday,PNME,12321.0,0.17163120567375886,0.19148936170212766
2020-02-20,HZD,11628,12321,11,2658990,2020-02-21 03:21:00,2020-02-21 03:23:00,334,1,Thursday,HZD,12321.0,0.07234042553191489,0.16170212765957448
2020-02-20,KQR,11628,12321,12,2733883,2020-02-21 03:55:00,2020-02-21 03:57:00,382,1,Thursday,KQR,12321.0,0.23687943262411348,0.24929078014184397
2020-02-20,GAYA,11628,12321,13,2657836,2020-02-21 05:19:00,2020-02-21 05:24:00,458,1,Thursday,GAYA,12321.0,0.09290780141843973,0.14468085106382977
2020-02-20,AUBR,11628,12321,14,2657990,2020-02-21 06:08:00,2020-02-21 06:10:00,527,1,Thursday,AUBR,12321.0,0.29219858156028367,0.29148936170212764
2020-02-20,DOS,11628,12321,15,2659213,2020-02-21 06:26:00,2020-02-21 06:28:00,543,1,Thursday,DOS,12321.0,0.3,0.3007092198581561
2020-02-20,SSM,11628,12321,16,2658320,2020-02-21 06:39:00,2020-02-21 06:41:00,561,1,Thursday,SSM,12321.0,0.36666666666666664,0.3670212765957447
2020-02-20,BBU,11628,12321,17,2657908,2020-02-21 07:12:00,2020-02-21 07:14:00,609,1,Thursday,BBU,12321.0,0.38581560283687943,0.3861702127659575
2020-02-20,DDU,11628,12321,18,10448973,2020-02-21 08:10:00,2020-02-21 08:30:00,663,1,Thursday,DDU,12321.0,0.3372340425531915,0.2528368794326241
2020-02-20,CAR,11628,12321,19,2657877,2020-02-21 09:12:00,2020-02-21 09:14:00,695,1,Thursday,CAR,12321.0,0.42092198581560286,0.4351063829787234
2020-02-20,MZP,11628,12321,20,2659327,2020-02-21 09:40:00,2020-02-21 09:45:00,727,1,Thursday,MZP,12321.0,0.6301418439716312,0.6457446808510637
2020-02-20,BDL,11628,12321,21,2657953,2020-02-21 09:55:00,2020-02-21 09:57:00,734,1,Thursday,BDL,12321.0,0.6801418439716312,0.6843971631205673
2020-02-20,PCOI,11628,12321,22,10448784,2020-02-21 11:17:00,2020-02-21 11:22:00,807,1,Thursday,PCOI,12321.0,0.6801418439716312,0.6843971631205673
2020-02-20,SRJ,11628,12321,23,2658642,2020-02-21 11:53:00,2020-02-21 11:54:00,844,1,Thursday,SRJ,12321.0,1.3815602836879433,1.4269503546099291
2020-02-20,MKP,11628,12321,24,2659032,2020-02-21 13:23:00,2020-02-21 13:25:00,899,1,Thursday,MKP,12321.0,1.0184397163120569,1.0652482269503545
2020-02-20,STA,11628,12321,25,2658311,2020-02-21 14:40:00,2020-02-21 14:50:00,977,1,Thursday,STA,12321.0,0.902836879432624,1.020921985815603
2020-02-20,MYR,11628,12321,26,2659313,2020-02-21 15:13:00,2020-02-21 15:15:00,1012,1,Thursday,MYR,12321.0,1.144326241134752,1.1652482269503546
2020-02-20,KTE,11628,12321,27,2658224,2020-02-21 16:15:00,2020-02-21 16:20:00,1075,1,Thursday,KTE,12321.0,1.1734042553191488,1.3063829787234043
2020-02-20,JBP,11628,12321,28,2659444,2020-02-21 17:40:00,2020-02-21 17:50:00,1166,1,Thursday,JBP,12321.0,1.2985815602836879,1.2691489361702126
2020-02-20,SRID,11628,12321,29,2658579,2020-02-21 18:28:00,2020-02-21 18:30:00,1219,1,Thursday,SRID,12321.0,1.3858156028368793,1.3932624113475178
2020-02-20,NU,11628,12321,30,2658919,2020-02-21 19:03:00,2020-02-21 19:05:00,1250,1,Thursday,NU,12321.0,1.248581560283688,1.2617021276595746
2020-02-20,KY,11628,12321,31,2658865,2020-02-21 19:18:00,2020-02-21 19:20:00,1266,1,Thursday,KY,12321.0,1.2872340425531916,1.3152482269503547
2020-02-20,GAR,11628,12321,32,2657869,2020-02-21 19:43:00,2020-02-21 19:45:00,1295,1,Thursday,GAR,12321.0,1.3092198581560284,1.3549645390070921
2020-02-20,PPI,11628,12321,33,2658657,2020-02-21 20:28:00,2020-02-21 20:30:00,1344,1,Thursday,PPI,12321.0,1.3539007092198583,1.3776595744680853
2020-02-20,ET,11628,12321,34,2658804,2020-02-21 22:10:00,2020-02-21 22:20:00,1411,1,Thursday,ET,12321.0,0.973758865248227,1.1067375886524822
2020-02-20,HD,11628,12321,35,2658940,2020-02-21 23:10:00,2020-02-21 23:12:00,1487,1,Thursday,HD,12321.0,1.2563829787234042,1.2659574468085106
2020-02-20,KNW,11628,12321,36,2658041,2020-02-22 00:57:00,2020-02-22 01:00:00,1595,2,Thursday,KNW,12321.0,0.7574468085106383,0.8627659574468086
2020-02-20,NPNR,11628,12321,37,2731950,2020-02-22 01:33:00,2020-02-22 01:35:00,1637,2,Thursday,NPNR,12321.0,0.8790780141843971,0.8929078014184397
2020-02-20,BAU,11628,12321,38,2657885,2020-02-22 01:58:00,2020-02-22 02:00:00,1664,2,Thursday,BAU,12321.0,0.8382978723404256,0.8624113475177304
2020-02-20,BSL,11628,12321,39,2657664,2020-02-22 02:55:00,2020-02-22 03:00:00,1718,2,Thursday,BSL,12321.0,0.8439716312056738,0.9595744680851064
2020-02-20,JL,11628,12321,40,2658959,2020-02-22 03:23:00,2020-02-22 03:25:00,1742,2,Thursday,JL,12321.0,1.0432624113475177,1.1056737588652483
2020-02-20,CSN,11628,12321,41,2658714,2020-02-22 04:24:00,2020-02-22 04:25:00,1835,2,Thursday,CSN,12321.0,1.3287234042553193,1.3553191489361702
2020-02-20,MMR,11628,12321,42,2658996,2020-02-22 05:32:00,2020-02-22 05:35:00,1902,2,Thursday,MMR,12321.0,1.2166666666666666,1.4265957446808513
2020-02-20,NK,11628,12321,43,2658902,2020-02-22 06:57:00,2020-02-22 07:00:00,1975,2,Thursday,NK,12321.0,1.047163120567376,1.0950354609929078
2020-02-20,DVL,11628,12321,44,2733304,2020-02-22 07:08:00,2020-02-22 07:10:00,1981,2,Thursday,DVL,12321.0,1.0918439716312058,1.151063829787234
2020-02-20,IGP,11628,12321,45,2658818,2020-02-22 08:30:00,2020-02-22 08:35:00,2026,2,Thursday,IGP,12321.0,0.5180851063829787,0.6620567375886525
2020-02-20,KYN,11628,12321,46,2658310,2020-02-22 10:12:00,2020-02-22 10:15:00,2107,2,Thursday,KYN,12321.0,0.8773049645390071,0.8829787234042553
2020-02-20,DR,11628,12321,47,2658794,2020-02-22 10:57:00,2020-02-22 11:00:00,2150,2,Thursday,DR,12321.0,0.6957446808510638,0.6875886524822695
2020-02-20,MAS,12045,12840,1,2658933,,2020-02-20 23:45:00,0,0,Thursday,MAS,12840.0,0.0,0.02127659574468085
2020-02-20,GDR,12045,12840,2,2657687,2020-02-21 01:50:00,2020-02-21 01:52:00,138,1,Thursday,GDR,12840.0,0.06170212765957447,0.11879432624113476
2020-02-20,NLR,12045,12840,3,2659518,2020-02-21 02:19:00,2020-02-21 02:20:00,176,1,Thursday,NLR,12840.0,0.1829787234042553,0.20709219858156028
2020-02-20,OGL,12045,12840,4,2657808,2020-02-21 03:44:00,2020-02-21 03:45:00,293,1,Thursday,OGL,12840.0,0.33546099290780146,0.3648936170212766
2020-02-20,CLX,12045,12840,5,2658650,2020-02-21 04:30:00,2020-02-21 04:31:00,342,1,Thursday,CLX,12840.0,0.33156028368794327,0.3322695035460993
2020-02-20,BPP,12045,12840,6,2658210,2020-02-21 04:43:00,2020-02-21 04:44:00,357,1,Thursday,BPP,12840.0,0.39893617021276595,0.3911347517730496
2020-02-20,TEL,12045,12840,7,2657987,2020-02-21 05:24:00,2020-02-21 05:25:00,400,1,Thursday,TEL,12840.0,0.33510638297872336,0.38333333333333336
2020-02-20,BZA,12045,12840,8,2657824,2020-02-21 06:15:00,2020-02-21 06:25:00,431,1,Thursday,BZA,12840.0,0.10957446808510639,0.2124113475177305
2020-02-20,EE,12045,12840,9,2658788,2020-02-21 07:14:00,2020-02-21 07:15:00,491,1,Thursday,EE,12840.0,0.5411347517730497,0.5574468085106383
2020-02-20,TDD,12045,12840,10,2733243,2020-02-21 07:49:00,2020-02-21 07:50:00,539,1,Thursday,TDD,12840.0,0.5765957446808512,0.5882978723404256
2020-02-20,NDD,12045,12840,11,2659442,2020-02-21 08:12:00,2020-02-21 08:13:00,558,1,Thursday,NDD,12840.0,0.5365248226950354,0.548936170212766
2020-02-20,RJY,12045,12840,12,2659334,2020-02-21 09:05:00,2020-02-21 09:10:00,581,1,Thursday,RJY,12840.0,0.36418439716312057,0.39042553191489365
2020-02-20,SLO,12045,12840,13,2733235,2020-02-21 09:52:00,2020-02-21 09:53:00,631,1,Thursday,SLO,12840.0,0.36631205673758865,0.40425531914893614
2020-02-20,ANV,12045,12840,14,2658181,2020-02-21 10:19:00,2020-02-21 10:20:00,668,1,Thursday,ANV,12840.0,0.4553191489361702,0.4741134751773049
2020-02-20,TUNI,12045,12840,15,2658073,2020-02-21 10:35:00,2020-02-21 10:36:00,685,1,Thursday,TUNI,12840.0,0.4939716312056738,0.5109929078014185
2020-02-20,AKP,12045,12840,16,2658159,2020-02-21 11:21:00,2020-02-21 11:22:00,748,1,Thursday,AKP,12840.0,0.5450354609929078,0.5868794326241135
2020-02-20,VSKP,12045,12840,17,2659490,2020-02-21 13:00:00,2020-02-21 13:20:00,782,1,Thursday,VSKP,12840.0,-0.01950354609929078,0.11205673758865249
2020-02-20,VZM,12045,12840,18,2658799,2020-02-21 14:15:00,2020-02-21 14:20:00,843,1,Thursday,VZM,12840.0,0.22482269503546098,0.20921985815602837
2020-02-20,CPP,12045,12840,19,2732120,2020-02-21 14:48:00,2020-02-21 14:49:00,873,1,Thursday,CPP,12840.0,0.18156028368794325,0.18865248226950357
2020-02-20,CHE,12045,12840,20,2658551,2020-02-21 15:21:00,2020-02-21 15:23:00,912,1,Thursday,CHE,12840.0,0.17127659574468088,0.18156028368794325
2020-02-20,NWP,12045,12840,21,2659553,2020-02-21 15:59:00,2020-02-21 16:00:00,959,1,Thursday,NWP,12840.0,0.12978723404255318,0.1326241134751773
2020-02-20,PSA,12045,12840,22,2658700,2020-02-21 16:30:00,2020-02-21 16:32:00,985,1,Thursday,PSA,12840.0,0.06808510638297874,0.11985815602836879
2020-02-20,SPT,12045,12840,23,2658622,2020-02-21 17:00:00,2020-02-21 17:01:00,1017,1,Thursday,SPT,12840.0,0.1397163120567376,0.15602836879432624
2020-02-20,IPM,12045,12840,24,2659593,2020-02-21 17:16:00,2020-02-21 17:17:00,1035,1,Thursday,IPM,12840.0,0.16382978723404257,0.16453900709219857
2020-02-20,BAM,12045,12840,25,2657899,2020-02-21 17:45:00,2020-02-21 17:50:00,1060,1,Thursday,BAM,12840.0,0.08865248226950355,0.11879432624113476
2020-02-20,CAP,12045,12840,26,2731893,2020-02-21 18:04:00,2020-02-21 18:05:00,1081,1,Thursday,CAP,12840.0,0.20531914893617023,0.20567375886524825
2020-02-20,BALU,12045,12840,27,2659423,2020-02-21 18:56:00,2020-02-21 18:57:00,1136,1,Thursday,BALU,12840.0,0.13191489361702127,0.1528368794326241
2020-02-20,KUR,12045,12840,28,2734207,2020-02-21 20:05:00,2020-02-21 20:25:00,1207,1,Thursday,KUR,12840.0,0.3120567375886525,0.31099290780141847
2020-02-20,BBS,12045,12840,29,2657903,2020-02-21 20:53:00,2020-02-21 20:58:00,1226,1,Thursday,BBS,12840.0,0.2773049645390071,0.325177304964539
2020-02-20,CTC,12045,12840,30,2658279,2020-02-21 21:33:00,2020-02-21 21:38:00,1253,1,Thursday,CTC,12840.0,0.3191489361702128,0.3382978723404256
2020-02-20,JJKR,12045,12840,31,2658916,2020-02-21 22:36:00,2020-02-21 22:37:00,1326,1,Thursday,JJKR,12840.0,0.38865248226950355,0.38865248226950355
2020-02-20,BHC,12045,12840,32,2657983,2020-02-21 23:17:00,2020-02-21 23:19:00,1369,1,Thursday,BHC,12840.0,0.2691489361702128,0.29007092198581563
2020-02-20,BLS,12045,12840,33,2658113,2020-02-22 00:05:00,2020-02-22 00:10:00,1432,2,Thursday,BLS,12840.0,0.5907801418439717,0.5606382978723404
2020-02-20,KGP,12045,12840,34,2658007,2020-02-22 01:43:00,2020-02-22 01:48:00,1548,2,Thursday,KGP,12840.0,0.4684397163120567,0.44574468085106383
2020-02-20,SRC,12045,12840,35,2658653,2020-02-22 03:13:00,2020-02-22 03:14:00,1655,2,Thursday,SRC,12840.0,0.5932624113475178,0.5787234042553191
2020-02-20,CSMT,12016,12809,1,10448787,,2020-02-20 20:35:00,0,0,Thursday,CSMT,12809.0,0.0,0.04242424242424243
2020-02-20,DR,12016,12809,2,2658794,2020-02-20 20:47:00,2020-02-20 20:50:00,9,0,Thursday,DR,12809.0,0.0034090909090909094,0.0018939393939393938
2020-02-20,TNA,12016,12809,3,2658206,2020-02-20 21:07:00,2020-02-20 21:10:00,33,0,Thursday,TNA,12809.0,0.16893939393939392,0.16818181818181818
2020-02-20,KYN,12016,12809,4,2658310,2020-02-20 21:30:00,2020-02-20 21:34:00,52,0,Thursday,KYN,12809.0,0.16742424242424242,0.2181818181818182
2020-02-20,KSRA,12016,12809,5,2658819,2020-02-20 22:43:00,2020-02-20 22:45:00,119,0,Thursday,KSRA,12809.0,0.21439393939393941,0.30643939393939396
2020-02-20,IGP,12016,12809,6,2658818,2020-02-20 23:20:00,2020-02-20 23:25:00,133,0,Thursday,IGP,12809.0,0.1268939393939394,0.14659090909090908
2020-02-20,DVL,12016,12809,7,2733304,2020-02-21 00:00:00,2020-02-21 00:02:00,178,1,Thursday,DVL,12809.0,0.23977272727272725,0.24924242424242424
2020-02-20,NK,12016,12809,8,2658902,2020-02-21 00:07:00,2020-02-21 00:10:00,184,1,Thursday,NK,12809.0,0.2928030303030303,0.3045454545454545
2020-02-20,MMR,12016,12809,9,2658996,2020-02-21 01:12:00,2020-02-21 01:15:00,257,1,Thursday,MMR,12809.0,0.1564393939393939,0.19204545454545455
2020-02-20,CSN,12016,12809,10,2658714,2020-02-21 02:03:00,2020-02-21 02:05:00,324,1,Thursday,CSN,12809.0,0.16742424242424242,0.19128787878787878
2020-02-20,JL,12016,12809,11,2658959,2020-02-21 03:08:00,2020-02-21 03:10:00,417,1,Thursday,JL,12809.0,0.3344696969696969,0.3530303030303031
2020-02-20,BSL,12016,12809,12,2657664,2020-02-21 03:45:00,2020-02-21 03:50:00,441,1,Thursday,BSL,12809.0,0.20833333333333334,0.3321969696969697
2020-02-20,MKU,12016,12809,13,2659030,2020-02-21 04:46:00,2020-02-21 04:48:00,491,1,Thursday,MKU,12809.0,0.19545454545454544,0.21060606060606057
2020-02-20,NN,12016,12809,14,2658901,2020-02-21 05:08:00,2020-02-21 05:10:00,519,1,Thursday,NN,12809.0,0.2609848484848485,0.26325757575757575
2020-02-20,JM,12016,12809,15,2733461,2020-02-21 05:18:00,2020-02-21 05:20:00,531,1,Thursday,JM,12809.0,0.3140151515151515,0.31022727272727274
2020-02-20,SEG,12016,12809,16,2658547,2020-02-21 05:28:00,2020-02-21 05:30:00,543,1,Thursday,SEG,12809.0,0.3856060606060606,0.39280303030303027
2020-02-20,AK,12016,12809,17,2658847,2020-02-21 06:05:00,2020-02-21 06:10:00,580,1,Thursday,AK,12809.0,0.37083333333333335,0.35
2020-02-20,MZR,12016,12809,18,2659323,2020-02-21 06:38:00,2020-02-21 06:40:00,617,1,Thursday,MZR,12809.0,0.4223484848484848,0.4242424242424242
2020-02-20,BD,12016,12809,19,2658859,2020-02-21 07:40:00,2020-02-21 07:45:00,659,1,Thursday,BD,12809.0,0.16060606060606059,0.16742424242424242
2020-02-20,DMN,12016,12809,20,2659179,2020-02-21 08:20:00,2020-02-21 08:22:00,705,1,Thursday,DMN,12809.0,0.21325757575757576,0.22121212121212122
2020-02-20,PLO,12016,12809,21,2658333,2020-02-21 08:37:00,2020-02-21 08:39:00,725,1,Thursday,PLO,12809.0,0.25946969696969696,0.27954545454545454
2020-02-20,WR,12016,12809,22,2658999,2020-02-21 09:19:00,2020-02-21 09:22:00,754,1,Thursday,WR,12809.0,0.05681818181818181,0.09431818181818181
2020-02-20,NGP,12016,12809,23,2659359,2020-02-21 11:05:00,2020-02-21 11:15:00,833,1,Thursday,NGP,12809.0,-0.11666666666666667,0.05113636363636364
2020-02-20,BRD,12016,12809,24,2657678,2020-02-21 12:04:00,2020-02-21 12:06:00,895,1,Thursday,BRD,12809.0,0.18522727272727274,0.1950757575757576
2020-02-20,TMR,12016,12809,25,2658198,2020-02-21 12:21:00,2020-02-21 12:23:00,913,1,Thursday,TMR,12809.0,0.23143939393939392,0.2587121212121212
2020-02-20,G,12016,12809,26,2657710,2020-02-21 13:08:00,2020-02-21 13:13:00,963,1,Thursday,G,12809.0,0.1625,0.19583333333333333
2020-02-20,DGG,12016,12809,27,2659067,2020-02-21 14:10:00,2020-02-21 14:11:00,1036,1,Thursday,DGG,12809.0,0.28143939393939393,0.31022727272727274
2020-02-20,RJN,12016,12809,28,2731879,2020-02-21 14:35:00,2020-02-21 14:37:00,1067,1,Thursday,RJN,12809.0,0.34356060606060607,0.3477272727272727
2020-02-20,DURG,12016,12809,29,2658190,2020-02-21 15:20:00,2020-02-21 15:25:00,1098,1,Thursday,DURG,12809.0,0.11931818181818182,0.2200757575757576
2020-02-20,R,12016,12809,30,2657733,2020-02-21 16:00:00,2020-02-21 16:10:00,1135,1,Thursday,R,12809.0,0.3045454545454545,0.28712121212121217
2020-02-20,BYT,12016,12809,31,2657782,2020-02-21 16:58:00,2020-02-21 17:00:00,1199,1,Thursday,BYT,12809.0,0.38484848484848483,0.38257575757575757
2020-02-20,BSP,12016,12809,32,2657660,2020-02-21 17:55:00,2020-02-21 18:10:00,1246,1,Thursday,BSP,12809.0,0.22234848484848485,0.2840909090909091
2020-02-20,CPH,12016,12809,33,2658737,2020-02-21 18:57:00,2020-02-21 18:59:00,1298,1,Thursday,CPH,12809.0,0.3859848484848485,0.40303030303030307
2020-02-20,SKT,12016,12809,34,2658693,2020-02-21 19:22:00,2020-02-21 19:24:00,1329,1,Thursday,SKT,12809.0,0.46136363636363636,0.4594696969696969
2020-02-20,KHS,12016,12809,35,2657988,2020-02-21 19:37:00,2020-02-21 19:39:00,1344,1,Thursday,KHS,12809.0,0.503030303030303,0.5011363636363636
2020-02-20,RIG,12016,12809,36,2659306,2020-02-21 20:05:00,2020-02-21 20:10:00,1378,1,Thursday,RIG,12809.0,0.5446969696969697,0.5128787878787878
2020-02-20,BRJN,12016,12809,37,2731892,2020-02-21 20:55:00,2020-02-21 20:57:00,1438,1,Thursday,BRJN,12809.0,0.5386363636363637,0.531439393939394
2020-02-20,JSG,12016,12809,38,2657722,2020-02-21 21:35:00,2020-02-21 21:40:00,1450,1,Thursday,JSG,12809.0,0.36022727272727273,0.4034090909090909
2020-02-20,ROU,12016,12809,39,2731973,2020-02-21 22:58:00,2020-02-21 23:08:00,1551,1,Thursday,ROU,12809.0,0.5678030303030304,0.5863636363636363
2020-02-20,CKP,12016,12809,40,2658634,2020-02-22 00:30:00,2020-02-22 00:37:00,1652,2,Thursday,CKP,12809.0,0.584090909090909,0.5757575757575757
2020-02-20,TATA,12016,12809,41,2658105,2020-02-22 01:32:00,2020-02-22 01:42:00,1714,2,Thursday,TATA,12809.0,0.553030303030303,0.5007575757575757
2020-02-20,KGP,12016,12809,42,2658007,2020-02-22 03:35:00,2020-02-22 03:40:00,1848,2,Thursday,KGP,12809.0,0.8431818181818183,0.8193181818181817
2020-02-20,SRC,12016,12809,43,2658653,2020-02-22 05:06:00,2020-02-22 05:08:00,1955,2,Thursday,SRC,12809.0,0.7954545454545454,0.784469696969697
2020-02-20,MAS,11889,12656,1,2658933,,2020-02-20 09:35:00,0,0,Thursday,MAS,12656.0,0.0,0.027333333333333334
2020-02-20,SPE,11889,12656,2,2733244,2020-02-20 10:49:00,2020-02-20 10:50:00,83,0,Thursday,SPE,12656.0,0.15366666666666667,0.16466666666666666
2020-02-20,GDR,11889,12656,3,2657687,2020-02-20 11:40:00,2020-02-20 11:45:00,138,0,Thursday,GDR,12656.0,0.15333333333333332,0.1716666666666667
2020-02-20,NLR,11889,12656,4,2659518,2020-02-20 12:19:00,2020-02-20 12:20:00,176,0,Thursday,NLR,12656.0,0.185,0.20466666666666666
2020-02-20,KVZ,11889,12656,5,2658285,2020-02-20 12:49:00,2020-02-20 12:50:00,227,0,Thursday,KVZ,12656.0,0.39166666666666666,0.41000000000000003
2020-02-20,OGL,11889,12656,6,2657808,2020-02-20 13:49:00,2020-02-20 13:50:00,293,0,Thursday,OGL,12656.0,0.3233333333333333,0.364
2020-02-20,CLX,11889,12656,7,2658650,2020-02-20 14:22:00,2020-02-20 14:23:00,342,0,Thursday,CLX,12656.0,0.5406666666666667,0.5576666666666666
2020-02-20,BPP,11889,12656,8,2658210,2020-02-20 14:43:00,2020-02-20 14:44:00,357,0,Thursday,BPP,12656.0,0.483,0.49133333333333334
2020-02-20,TEL,11889,12656,9,2657987,2020-02-20 15:23:00,2020-02-20 15:24:00,400,0,Thursday,TEL,12656.0,0.447,0.509
2020-02-20,BZA,11889,12656,10,2657824,2020-02-20 16:30:00,2020-02-20 16:40:00,431,0,Thursday,BZA,12656.0,0.036333333333333336,0.13666666666666666
2020-02-20,KMT,11889,12656,11,2658066,2020-02-20 17:54:00,2020-02-20 17:56:00,530,0,Thursday,KMT,12656.0,0.4686666666666667,0.476
2020-02-20,MABD,11889,12656,12,2658558,2020-02-20 18:41:00,2020-02-20 18:42:00,578,0,Thursday,MABD,12656.0,0.46166666666666667,0.47566666666666674
2020-02-20,WL,11889,12656,13,2659008,2020-02-20 20:00:00,2020-02-20 20:05:00,638,0,Thursday,WL,12656.0,0.10033333333333333,0.15799999999999997
2020-02-20,MCI,11889,12656,14,2658898,2020-02-20 21:34:00,2020-02-20 21:35:00,753,0,Thursday,MCI,12656.0,0.353,0.3673333333333334
2020-02-20,SKZR,11889,12656,15,2733191,2020-02-20 22:29:00,2020-02-20 22:30:00,811,0,Thursday,SKZR,12656.0,0.3186666666666667,0.35633333333333334
2020-02-20,BPQ,11889,12656,16,2658211,2020-02-21 00:05:00,2020-02-21 00:10:00,881,1,Thursday,BPQ,12656.0,0.027000000000000003,0.18466666666666667
2020-02-20,CD,11889,12656,17,2658780,2020-02-21 00:28:00,2020-02-21 00:29:00,895,1,Thursday,CD,12656.0,0.19366666666666668,0.18466666666666667
2020-02-20,WRR,11889,12656,18,2658633,2020-02-21 01:19:00,2020-02-21 01:20:00,941,1,Thursday,WRR,12656.0,0.04800000000000001,0.081
2020-02-20,HGT,11889,12656,19,2658236,2020-02-21 01:43:00,2020-02-21 01:44:00,980,1,Thursday,HGT,12656.0,0.226,0.23466666666666666
2020-02-20,WR,11889,12656,20,2658999,2020-02-21 02:31:00,2020-02-21 02:34:00,1014,1,Thursday,WR,12656.0,0.034666666666666665,0.08033333333333333
2020-02-20,PLO,11889,12656,21,2658333,2020-02-21 02:59:00,2020-02-21 03:00:00,1043,1,Thursday,PLO,12656.0,0.091,0.09866666666666667
2020-02-20,DMN,11889,12656,22,2659179,2020-02-21 03:14:00,2020-02-21 03:15:00,1063,1,Thursday,DMN,12656.0,0.16133333333333333,0.16233333333333333
2020-02-20,BD,11889,12656,23,2658859,2020-02-21 04:15:00,2020-02-21 04:20:00,1109,1,Thursday,BD,12656.0,-0.145,0.04633333333333334
2020-02-20,MZR,11889,12656,24,2659323,2020-02-21 04:48:00,2020-02-21 04:50:00,1151,1,Thursday,MZR,12656.0,0.17766666666666667,0.17966666666666667
2020-02-20,AK,11889,12656,25,2658847,2020-02-21 05:15:00,2020-02-21 05:20:00,1188,1,Thursday,AK,12656.0,0.29333333333333333,0.26833333333333337
2020-02-20,SEG,11889,12656,26,2658547,2020-02-21 05:49:00,2020-02-21 05:50:00,1225,1,Thursday,SEG,12656.0,0.34199999999999997,0.3493333333333333
2020-02-20,NN,11889,12656,27,2658901,2020-02-21 06:09:00,2020-02-21 06:10:00,1250,1,Thursday,NN,12656.0,0.3956666666666667,0.4006666666666667
2020-02-20,MKU,11889,12656,28,2659030,2020-02-21 06:29:00,2020-02-21 06:30:00,1277,1,Thursday,MKU,12656.0,0.47566666666666674,0.4856666666666667
2020-02-20,BSL,11889,12656,29,2657664,2020-02-21 07:55:00,2020-02-21 08:00:00,1327,1,Thursday,BSL,12656.0,-0.04733333333333334,0.15366666666666667
2020-02-20,JL,11889,12656,30,2658959,2020-02-21 08:44:00,2020-02-21 08:45:00,1352,1,Thursday,JL,12656.0,0.0013333333333333333,0.09033333333333333
2020-02-20,DXG,11889,12656,31,2658854,2020-02-21 09:29:00,2020-02-21 09:30:00,1381,1,Thursday,DXG,12656.0,-0.07466666666666667,0.065
2020-02-20,AN,11889,12656,32,2658844,2020-02-21 09:53:00,2020-02-21 09:55:00,1406,1,Thursday,AN,12656.0,0.034,0.07433333333333333
2020-02-20,SNK,11889,12656,33,2734674,2020-02-21 10:35:00,2020-02-21 10:36:00,1448,1,Thursday,SNK,12656.0,0.0016666666666666668,0.04566666666666667
2020-02-20,DDE,11889,12656,34,2658379,2020-02-21 10:53:00,2020-02-21 10:54:00,1467,1,Thursday,DDE,12656.0,0.06533333333333333,0.08333333333333333
2020-02-20,NDB,11889,12656,35,2659443,2020-02-21 11:30:00,2020-02-21 11:35:00,1502,1,Thursday,NDB,12656.0,0.022333333333333334,0.114
2020-02-20,VYA,11889,12656,36,2659195,2020-02-21 13:09:00,2020-02-21 13:10:00,1601,1,Thursday,VYA,12656.0,-0.186,0.01
2020-02-20,UDN,11889,12656,37,2657835,2020-02-21 14:09:00,2020-02-21 14:10:00,1658,1,Thursday,UDN,12656.0,-0.12233333333333334,0.042666666666666665
2020-02-20,ST,11889,12656,38,2658997,2020-02-21 14:25:00,2020-02-21 14:35:00,1662,1,Thursday,ST,12656.0,-0.03133333333333333,0.02333333333333333
2020-02-20,AKV,11889,12656,39,2658158,2020-02-21 15:10:00,2020-02-21 15:11:00,1712,1,Thursday,AKV,12656.0,0.07233333333333333,0.07666666666666666
2020-02-20,BRC,11889,12656,40,2657677,2020-02-21 16:21:00,2020-02-21 16:26:00,1792,1,Thursday,BRC,12656.0,0.082,0.11133333333333334
2020-02-20,ANND,11889,12656,41,2659441,2020-02-21 16:57:00,2020-02-21 16:58:00,1828,1,Thursday,ANND,12656.0,0.26566666666666666,0.2813333333333333
2020-02-20,ND,11889,12656,42,2658907,2020-02-21 17:19:00,2020-02-21 17:20:00,1846,1,Thursday,ND,12656.0,0.196,0.20500000000000002
2020-02-20,MAN,11889,12656,43,2658935,2020-02-21 18:06:00,2020-02-21 18:07:00,1889,1,Thursday,MAN,12656.0,0.08366666666666665,0.07899999999999999
2020-02-20,TVC,11858,12625,1,2657792,,2020-02-20 11:15:00,0,0,Thursday,TVC,12625.0,0.0,0.14266666666666666
2020-02-20,VAK,11858,12625,2,2733464,2020-02-20 11:49:00,2020-02-20 11:50:00,41,0,Thursday,VAK,12625.0,0.29733333333333334,0.308
2020-02-20,QLN,11858,12625,3,2658802,2020-02-20 12:22:00,2020-02-20 12:25:00,65,0,Thursday,QLN,12625.0,0.26066666666666666,0.2533333333333333
2020-02-20,KYJ,11858,12625,4,2658308,2020-02-20 12:58:00,2020-02-20 13:00:00,105,0,Thursday,KYJ,12625.0,0.3486666666666667,0.3496666666666667
2020-02-20,MVLK,11858,12625,5,2733330,2020-02-20 13:09:00,2020-02-20 13:10:00,113,0,Thursday,MVLK,12625.0,0.3813333333333333,0.39266666666666666
2020-02-20,CNGR,11858,12625,6,2658479,2020-02-20 13:18:00,2020-02-20 13:20:00,126,0,Thursday,CNGR,12625.0,0.46033333333333337,0.48033333333333333
2020-02-20,TRVL,11858,12625,7,2658674,2020-02-20 13:29:00,2020-02-20 13:30:00,135,0,Thursday,TRVL,12625.0,0.5203333333333334,0.5323333333333333
2020-02-20,CGY,11858,12625,8,2733265,2020-02-20 13:44:00,2020-02-20 13:45:00,143,0,Thursday,CGY,12625.0,0.481,0.48733333333333334
2020-02-20,KTYM,11858,12625,9,2659533,2020-02-20 14:07:00,2020-02-20 14:10:00,161,0,Thursday,KTYM,12625.0,0.48799999999999993,0.5266666666666667
2020-02-20,VARD,11858,12625,10,2733466,2020-02-20 14:39:00,2020-02-20 14:40:00,185,0,Thursday,VARD,12625.0,0.5403333333333333,0.5399999999999999
2020-02-20,ERN,11858,12625,11,2659586,2020-02-20 15:40:00,2020-02-20 15:45:00,221,0,Thursday,ERN,12625.0,0.26066666666666666,0.306
2020-02-20,AWY,11858,12625,12,2657810,2020-02-20 16:03:00,2020-02-20 16:05:00,237,0,Thursday,AWY,12625.0,0.38,0.39366666666666666
2020-02-20,TCR,11858,12625,13,2658364,2020-02-20 17:07:00,2020-02-20 17:10:00,292,0,Thursday,TCR,12625.0,0.2956666666666667,0.29733333333333334
2020-02-20,OTP,11858,12625,14,2733328,2020-02-20 18:04:00,2020-02-20 18:05:00,336,0,Thursday,OTP,12625.0,0.157,0.188
2020-02-20,PGT,11858,12625,15,2658283,2020-02-20 18:42:00,2020-02-20 18:45:00,367,0,Thursday,PGT,12625.0,0.04466666666666667,0.128
2020-02-20,CBE,11858,12625,16,2657867,2020-02-20 19:52:00,2020-02-20 19:55:00,423,0,Thursday,CBE,12625.0,0.30533333333333335,0.41000000000000003
2020-02-20,TUP,11858,12625,17,2657806,2020-02-20 20:48:00,2020-02-20 20:50:00,474,0,Thursday,TUP,12625.0,0.28633333333333333,0.30400000000000005
2020-02-20,ED,11858,12625,18,2658786,2020-02-20 21:50:00,2020-02-20 21:55:00,524,0,Thursday,ED,12625.0,0.03866666666666666,0.1716666666666667
2020-02-20,SA,11858,12625,19,2659084,2020-02-20 22:52:00,2020-02-20 22:55:00,584,0,Thursday,SA,12625.0,0.162,0.17666666666666667
2020-02-20,JTJ,11858,12625,20,2657662,2020-02-21 00:43:00,2020-02-21 00:45:00,704,1,Thursday,JTJ,12625.0,0.06033333333333333,0.13933333333333336
2020-02-20,KPD,11858,12625,21,2658215,2020-02-21 02:00:00,2020-02-21 02:02:00,789,1,Thursday,KPD,12625.0,0.008666666666666666,0.09066666666666666
2020-02-20,CTO,11858,12625,22,2658278,2020-02-21 02:39:00,2020-02-21 02:40:00,821,1,Thursday,CTO,12625.0,0.07966666666666668,0.14433333333333334
2020-02-20,TPTY,11858,12625,23,2659319,2020-02-21 03:48:00,2020-02-21 03:50:00,893,1,Thursday,TPTY,12625.0,0.12266666666666667,0.17633333333333334
2020-02-20,RU,11858,12625,24,2659076,2020-02-21 04:10:00,2020-02-21 04:20:00,903,1,Thursday,RU,12625.0,0.20566666666666666,0.271
2020-02-20,GDR,11858,12625,25,2657687,2020-02-21 05:43:00,2020-02-21 05:45:00,986,1,Thursday,GDR,12625.0,0.07133333333333333,0.13566666666666666
2020-02-20,NLR,11858,12625,26,2659518,2020-02-21 06:17:00,2020-02-21 06:18:00,1025,1,Thursday,NLR,12625.0,0.15766666666666668,0.167
2020-02-20,BZA,11858,12625,27,2657824,2020-02-21 10:00:00,2020-02-21 10:10:00,1280,1,Thursday,BZA,12625.0,-0.082,0.093
2020-02-20,WL,11858,12625,28,2659008,2020-02-21 13:00:00,2020-02-21 13:05:00,1487,1,Thursday,WL,12625.0,0.32033333333333336,0.3263333333333333
2020-02-20,RDM,11858,12625,29,2733232,2020-02-21 14:40:00,2020-02-21 14:41:00,1588,1,Thursday,RDM,12625.0,0.15966666666666668,0.21666666666666667
2020-02-20,BPQ,11858,12625,30,2658211,2020-02-21 16:55:00,2020-02-21 17:00:00,1730,1,Thursday,BPQ,12625.0,0.013666666666666667,0.18833333333333335
2020-02-20,CD,11858,12625,31,2658780,2020-02-21 17:18:00,2020-02-21 17:19:00,1744,1,Thursday,CD,12625.0,0.17700000000000002,0.17666666666666667
2020-02-20,SEGM,11858,12625,32,2658373,2020-02-21 19:00:00,2020-02-21 19:01:00,1862,1,Thursday,SEGM,12625.0,0.13833333333333334,0.19466666666666665
2020-02-20,NGP,11858,12625,33,2659359,2020-02-21 20:10:00,2020-02-21 20:15:00,1938,1,Thursday,NGP,12625.0,0.26166666666666666,0.358
2020-02-20,ET,11858,12625,34,2658804,2020-02-22 01:05:00,2020-02-22 01:15:00,2237,2,Thursday,ET,12625.0,0.11166666666666666,0.25266666666666665
2020-02-20,BPL,11858,12625,35,2658194,2020-02-22 02:55:00,2020-02-22 03:00:00,2329,2,Thursday,BPL,12625.0,0.24966666666666665,0.2886666666666667
2020-02-20,BINA,11858,12625,36,2657929,2020-02-22 04:50:00,2020-02-22 04:55:00,2467,2,Thursday,BINA,12625.0,0.29433333333333334,0.35200000000000004
2020-02-20,JHS,11858,12625,37,2659350,2020-02-22 06:55:00,2020-02-22 07:05:00,2620,2,Thursday,JHS,12625.0,0.5296666666666666,0.5443333333333332
2020-02-20,GWL,11858,12625,38,2658454,2020-02-22 08:20:00,2020-02-22 08:25:00,2718,2,Thursday,GWL,12625.0,0.8180000000000001,0.8083333333333333
2020-02-20,AGC,11858,12625,39,2657986,2020-02-22 10:10:00,2020-02-22 10:15:00,2836,2,Thursday,AGC,12625.0,0.8323333333333334,0.8616666666666667
2020-02-20,MTJ,11858,12625,40,2659144,2020-02-22 11:00:00,2020-02-22 11:02:00,2890,2,Thursday,MTJ,12625.0,1.0636666666666668,1.1046666666666667
2020-02-20,FDB,11858,12625,41,2659398,2020-02-22 12:48:00,2020-02-22 12:50:00,3003,2,Thursday,FDB,12625.0,0.8096666666666668,0.853
2020-02-20,NZM,11858,12625,42,2657830,2020-02-22 13:21:00,2020-02-22 13:23:00,3024,2,Thursday,NZM,12625.0,0.8533333333333334,0.8826666666666667
2020-02-20,NZM,11953,12722,1,2657830,,2020-02-20 23:00:00,0,0,Thursday,NZM,12722.0,0.0,0.007364341085271318
2020-02-20,FDB,11953,12722,2,2659398,2020-02-20 23:17:00,2020-02-20 23:19:00,21,0,Thursday,FDB,12722.0,0.1624031007751938,0.1565891472868217
2020-02-20,BVH,11953,12722,3,2657770,2020-02-20 23:28:00,2020-02-20 23:30:00,29,0,Thursday,BVH,12722.0,0.1542635658914729,0.14883720930232558
2020-02-20,KSV,11953,12722,4,2734622,2020-02-21 00:18:00,2020-02-21 00:20:00,93,1,Thursday,KSV,12722.0,0.3186046511627907,0.3465116279069767
2020-02-20,MTJ,11953,12722,5,2659144,2020-02-21 00:50:00,2020-02-21 00:55:00,134,1,Thursday,MTJ,12722.0,0.44496124031007755,0.4507751937984496
2020-02-20,AGC,11953,12722,6,2657986,2020-02-21 01:45:00,2020-02-21 01:50:00,188,1,Thursday,AGC,12722.0,0.4170542635658914,0.4410852713178295
2020-02-20,MRA,11953,12722,7,2659193,2020-02-21 03:12:00,2020-02-21 03:14:00,267,1,Thursday,MRA,12722.0,0.2627906976744186,0.34418604651162793
2020-02-20,GWL,11953,12722,8,2658454,2020-02-21 03:43:00,2020-02-21 03:48:00,306,1,Thursday,GWL,12722.0,0.4507751937984496,0.4534883720930233
2020-02-20,DBA,11953,12722,9,2658414,2020-02-21 04:23:00,2020-02-21 04:24:00,348,1,Thursday,DBA,12722.0,0.5934108527131783,0.6162790697674418
2020-02-20,DAA,11953,12722,10,2658432,2020-02-21 04:50:00,2020-02-21 04:51:00,379,1,Thursday,DAA,12722.0,0.687984496124031,0.7263565891472867
2020-02-20,JHS,11953,12722,11,2659350,2020-02-21 05:25:00,2020-02-21 05:35:00,403,1,Thursday,JHS,12722.0,0.7166666666666667,0.7844961240310078
2020-02-20,BAB,11953,12722,12,2657894,2020-02-21 06:00:00,2020-02-21 06:02:00,429,1,Thursday,BAB,12722.0,0.962015503875969,0.9717054263565892
2020-02-20,LAR,11953,12722,13,2658398,2020-02-21 06:47:00,2020-02-21 06:49:00,494,1,Thursday,LAR,12722.0,1.1348837209302327,1.1604651162790698
2020-02-20,BINA,11953,12722,14,2657929,2020-02-21 07:55:00,2020-02-21 08:00:00,557,1,Thursday,BINA,12722.0,1.0015503875968992,1.0178294573643412
2020-02-20,MABA,11953,12722,15,2658561,2020-02-21 08:18:00,2020-02-21 08:20:00,574,1,Thursday,MABA,12722.0,1.0410852713178296,1.0445736434108526
2020-02-20,BAQ,11953,12722,16,2657881,2020-02-21 08:40:00,2020-02-21 08:42:00,602,1,Thursday,BAQ,12722.0,1.072093023255814,1.0732558139534882
2020-02-20,BHS,11953,12722,17,2658012,2020-02-21 09:11:00,2020-02-21 09:13:00,642,1,Thursday,BHS,12722.0,1.0875968992248062,1.0949612403100775
2020-02-20,BPL,11953,12722,18,2658194,2020-02-21 10:05:00,2020-02-21 10:15:00,695,1,Thursday,BPL,12722.0,1.0844961240310078,1.138372093023256
2020-02-20,HBJ,11953,12722,19,2658440,2020-02-21 10:27:00,2020-02-21 10:29:00,702,1,Thursday,HBJ,12722.0,1.1337209302325584,1.1748062015503875
2020-02-20,HBD,11953,12722,20,2658443,2020-02-21 11:34:00,2020-02-21 11:36:00,769,1,Thursday,HBD,12722.0,1.2701550387596898,1.2771317829457365
2020-02-20,ET,11953,12722,21,2658804,2020-02-21 12:10:00,2020-02-21 12:20:00,787,1,Thursday,ET,12722.0,1.1286821705426358,1.1906976744186046
2020-02-20,GDYA,11953,12722,22,2731936,2020-02-21 13:23:00,2020-02-21 13:25:00,858,1,Thursday,GDYA,12722.0,1.0988372093023255,1.1565891472868217
2020-02-20,BZU,11953,12722,23,2657828,2020-02-21 14:12:00,2020-02-21 14:15:00,894,1,Thursday,BZU,12722.0,1.0937984496124031,1.113565891472868
2020-02-20,AMLA,11953,12722,24,2657827,2020-02-21 14:41:00,2020-02-21 14:43:00,917,1,Thursday,AMLA,12722.0,1.056201550387597,1.0771317829457365
2020-02-20,MTY,11953,12722,25,2659139,2020-02-21 14:57:00,2020-02-21 14:59:00,941,1,Thursday,MTY,12722.0,1.2166666666666666,1.2213178294573643
2020-02-20,PAR,11953,12722,26,2658393,2020-02-21 15:45:00,2020-02-21 15:47:00,981,1,Thursday,PAR,12722.0,1.2492248062015503,1.2515503875968992
2020-02-20,NRKR,11953,12722,27,2657941,2020-02-21 16:00:00,2020-02-21 16:02:00,999,1,Thursday,NRKR,12722.0,1.2674418604651163,1.2651162790697676
2020-02-20,KATL,11953,12722,28,2658068,2020-02-21 16:22:00,2020-02-21 16:24:00,1025,1,Thursday,KATL,12722.0,1.3151162790697675,1.3232558139534882
2020-02-20,NGP,11953,12722,29,2659359,2020-02-21 17:40:00,2020-02-21 17:45:00,1086,1,Thursday,NGP,12722.0,1.094186046511628,1.3112403100775194
2020-02-20,SNI,11953,12722,30,2658757,2020-02-21 18:19:00,2020-02-21 18:21:00,1132,1,Thursday,SNI,12722.0,1.5829457364341086,1.5883720930232559
2020-02-20,SEGM,11953,12722,31,2658373,2020-02-21 18:51:00,2020-02-21 18:53:00,1162,1,Thursday,SEGM,12722.0,1.5232558139534882,1.5383720930232558
2020-02-20,HGT,11953,12722,32,2658236,2020-02-21 19:21:00,2020-02-21 19:23:00,1195,1,Thursday,HGT,12722.0,1.5608527131782948,1.5604651162790697
2020-02-20,WRR,11953,12722,33,2658633,2020-02-21 19:53:00,2020-02-21 19:55:00,1234,1,Thursday,WRR,12722.0,1.5348837209302324,1.5279069767441862
2020-02-20,BUX,11953,12722,34,2657773,2020-02-21 20:14:00,2020-02-21 20:16:00,1256,1,Thursday,BUX,12722.0,1.523643410852713,1.5209302325581395
2020-02-20,CD,11953,12722,35,2658780,2020-02-21 20:45:00,2020-02-21 20:48:00,1280,1,Thursday,CD,12722.0,1.45,1.4426356589147287
2020-02-20,BPQ,11953,12722,36,2658211,2020-02-21 21:45:00,2020-02-21 21:50:00,1294,1,Thursday,BPQ,12722.0,0.8445736434108526,1.068217054263566
2020-02-20,SKZR,11953,12722,37,2733191,2020-02-21 22:37:00,2020-02-21 22:39:00,1364,1,Thursday,SKZR,12722.0,1.174031007751938,1.175968992248062
2020-02-20,BPA,11953,12722,38,2732117,2020-02-21 23:02:00,2020-02-21 23:04:00,1403,1,Thursday,BPA,12722.0,1.3810077519379846,1.3689922480620154
2020-02-20,MCI,11953,12722,39,2658898,2020-02-21 23:19:00,2020-02-21 23:21:00,1422,1,Thursday,MCI,12722.0,1.495736434108527,1.4910852713178293
2020-02-20,RDM,11953,12722,40,2733232,2020-02-21 23:31:00,2020-02-21 23:33:00,1436,1,Thursday,RDM,12722.0,1.6127906976744188,1.6046511627906976
2020-02-20,PDPL,11953,12722,41,2658956,2020-02-21 23:42:00,2020-02-21 23:44:00,1454,1,Thursday,PDPL,12722.0,1.7589147286821707,1.7472868217054265
2020-02-20,JMKT,11953,12722,42,2658375,2020-02-22 00:12:00,2020-02-22 00:14:00,1493,2,Thursday,JMKT,12722.0,1.8430232558139537,1.8368217054263565
2020-02-20,KZJ,11953,12722,43,2658331,2020-02-22 01:13:00,2020-02-22 01:15:00,1529,2,Thursday,KZJ,12722.0,1.4007751937984496,1.4872093023255812
2020-02-20,ZN,11953,12722,44,2659226,2020-02-22 01:49:00,2020-02-22 01:51:00,1577,2,Thursday,ZN,12722.0,1.7531007751937984,1.7387596899224806
2020-02-20,BG,11953,12722,45,2658855,2020-02-22 02:19:00,2020-02-22 02:21:00,1614,2,Thursday,BG,12722.0,1.7352713178294574,1.7282945736434108
2020-02-20,SC,11953,12722,46,2659082,2020-02-22 03:50:00,2020-02-22 03:55:00,1661,2,Thursday,SC,12722.0,1.134108527131783,1.2647286821705426
2020-02-20,BDTS,12117,12925,1,2658361,,2020-02-20 12:00:00,0,0,Thursday,BDTS,12925.0,0.0,0.075
2020-02-20,ADH,12117,12925,2,2657970,2020-02-20 12:14:00,2020-02-20 12:17:00,6,0,Thursday,ADH,12925.0,0.1380952380952381,0.1261904761904762
2020-02-20,BVI,12117,12925,3,2657766,2020-02-20 12:34:00,2020-02-20 12:37:00,18,0,Thursday,BVI,12925.0,0.12936507936507938,0.1246031746031746
2020-02-20,DRD,12117,12925,4,2659110,2020-02-20 13:50:00,2020-02-20 13:52:00,108,0,Thursday,DRD,12925.0,0.16587301587301587,0.16785714285714287
2020-02-20,VAPI,12117,12925,5,2658429,2020-02-20 14:20:00,2020-02-20 14:25:00,156,0,Thursday,VAPI,12925.0,0.28928571428571426,0.2853174603174603
2020-02-20,BL,12117,12925,6,2658862,2020-02-20 14:51:00,2020-02-20 14:53:00,183,0,Thursday,BL,12925.0,0.29642857142857143,0.30198412698412697
2020-02-20,NVS,12117,12925,7,2659534,2020-02-20 15:31:00,2020-02-20 15:36:00,222,0,Thursday,NVS,12925.0,0.2146825396825397,0.20238095238095238
2020-02-20,ST,12117,12925,8,2658997,2020-02-20 16:15:00,2020-02-20 16:20:00,252,0,Thursday,ST,12925.0,0.05119047619047619,0.10634920634920635
2020-02-20,BH,12117,12925,9,2658856,2020-02-20 17:04:00,2020-02-20 17:06:00,311,0,Thursday,BH,12925.0,0.1349206349206349,0.15
2020-02-20,BRC,12117,12925,10,2657677,2020-02-20 18:05:00,2020-02-20 18:15:00,381,0,Thursday,BRC,12925.0,0.1623015873015873,0.17539682539682538
2020-02-20,GDA,12117,12925,11,2657679,2020-02-20 19:19:00,2020-02-20 19:21:00,455,0,Thursday,GDA,12925.0,0.09563492063492064,0.15
2020-02-20,DHD,12117,12925,12,2659080,2020-02-20 20:20:00,2020-02-20 20:22:00,528,0,Thursday,DHD,12925.0,0.16428571428571428,0.22301587301587303
2020-02-20,MGN,12117,12925,13,2732042,2020-02-20 20:45:00,2020-02-20 20:47:00,561,0,Thursday,MGN,12925.0,0.2773809523809524,0.29880952380952386
2020-02-20,RTM,12117,12925,14,2659597,2020-02-20 22:20:00,2020-02-20 22:30:00,642,0,Thursday,RTM,12925.0,-0.005158730158730159,0.125
2020-02-20,NAD,12117,12925,15,2659388,2020-02-20 23:20:00,2020-02-20 23:25:00,683,0,Thursday,NAD,12925.0,-0.049206349206349205,0.09126984126984126
2020-02-20,SGZ,12117,12925,16,2658477,2020-02-21 00:23:00,2020-02-21 00:25:00,775,1,Thursday,SGZ,12925.0,0.20912698412698413,0.20833333333333334
2020-02-20,RMA,12117,12925,17,2659259,2020-02-21 01:08:00,2020-02-21 01:10:00,836,1,Thursday,RMA,12925.0,0.18134920634920634,0.19166666666666668
2020-02-20,KOTA,12117,12925,18,2659081,2020-02-21 02:10:00,2020-02-21 02:20:00,909,1,Thursday,KOTA,12925.0,0.19444444444444445,0.24166666666666667
2020-02-20,SWM,12117,12925,19,2658245,2020-02-21 03:48:00,2020-02-21 03:50:00,1017,1,Thursday,SWM,12925.0,0.15,0.21865079365079365
2020-02-20,GGC,12117,12925,20,2657753,2020-02-21 04:40:00,2020-02-21 04:45:00,1080,1,Thursday,GGC,12925.0,0.1761904761904762,0.20515873015873015
2020-02-20,HAN,12117,12925,21,2658411,2020-02-21 05:18:00,2020-02-21 05:20:00,1125,1,Thursday,HAN,12925.0,0.27261904761904765,0.38968253968253974
2020-02-20,BXN,12117,12925,22,2657803,2020-02-21 05:48:00,2020-02-21 05:50:00,1157,1,Thursday,BXN,12925.0,0.3972222222222222,0.5087301587301587
2020-02-20,BTE,12117,12925,23,2657713,2020-02-21 06:28:00,2020-02-21 06:30:00,1199,1,Thursday,BTE,12925.0,0.4301587301587302,0.48571428571428577
2020-02-20,MTJ,12117,12925,24,2659144,2020-02-21 07:35:00,2020-02-21 07:40:00,1233,1,Thursday,MTJ,12925.0,0.13095238095238096,0.2904761904761905
2020-02-20,FDB,12117,12925,25,2659398,2020-02-21 09:28:00,2020-02-21 09:30:00,1346,1,Thursday,FDB,12925.0,0.3587301587301587,0.39285714285714285
2020-02-20,NZM,12117,12925,26,2657830,2020-02-21 10:01:00,2020-02-21 10:03:00,1367,1,Thursday,NZM,12925.0,0.32857142857142857,0.37539682539682534
2020-02-20,NDLS,12117,12925,27,2657756,2020-02-21 10:40:00,2020-02-21 11:05:00,1374,1,Thursday,NDLS,12925.0,0.41825396825396827,0.3611111111111111
2020-02-20,SZM,12117,12925,28,2658271,2020-02-21 11:19:00,2020-02-21 11:21:00,1378,1,Thursday,SZM,12925.0,0.5003968253968254,0.5051587301587301
2020-02-20,SNP,12117,12925,29,2658765,2020-02-21 11:50:00,2020-02-21 11:52:00,1419,1,Thursday,SNP,12925.0,0.6718253968253969,0.6849206349206349
2020-02-20,PNP,12117,12925,30,2658611,2020-02-21 12:26:00,2020-02-21 12:28:00,1464,1,Thursday,PNP,12925.0,0.7416666666666667,0.7571428571428572
2020-02-20,KUN,12117,12925,31,2658272,2020-02-21 12:51:00,2020-02-21 12:53:00,1498,1,Thursday,KUN,12925.0,0.8710317460317462,0.8797619047619049
2020-02-20,KKDE,12117,12925,32,2659417,2020-02-21 13:19:00,2020-02-21 13:21:00,1531,1,Thursday,KKDE,12925.0,0.8992063492063492,0.9015873015873016
2020-02-20,UMB,12117,12925,33,2659509,2020-02-21 14:40:00,2020-02-21 15:15:00,1572,1,Thursday,UMB,12925.0,0.3111111111111111,0.40476190476190477
2020-02-20,UBC,12117,12925,34,2657851,2020-02-21 15:07:00,2020-02-21 15:09:00,1581,1,Thursday,UBC,12925.0,0.4714285714285714,0.49444444444444446
2020-02-20,SIR,12117,12925,35,2658485,2020-02-21 15:42:00,2020-02-21 15:44:00,1627,1,Thursday,SIR,12925.0,0.5523809523809524,0.6
2020-02-20,CDG,12117,12925,36,2658510,2020-02-21 15:57:00,2020-02-21 16:10:00,1639,1,Thursday,CDG,12925.0,0.5523809523809524,0.6
2020-02-20,KNN,12117,12925,37,2658036,2020-02-21 15:56:00,2020-02-21 15:58:00,1644,1,Thursday,KNN,12925.0,0.7174603174603174,0.7182539682539683
2020-02-20,LDH,12117,12925,39,2658435,2020-02-21 16:46:00,2020-02-21 16:51:00,1687,1,Thursday,LDH,12925.0,0.6535714285714285,0.7095238095238094
2020-02-20,PGW,12117,12925,40,2658284,2020-02-21 17:19:00,2020-02-21 17:21:00,1723,1,Thursday,PGW,12925.0,0.8619047619047618,0.8603174603174604
2020-02-20,JRC,12117,12925,41,2657701,2020-02-21 17:37:00,2020-02-21 17:39:00,1739,1,Thursday,JRC,12925.0,0.8436507936507937,0.8488095238095238
2020-02-20,JUC,12117,12925,42,2657676,2020-02-21 17:53:00,2020-02-21 17:58:00,1744,1,Thursday,JUC,12925.0,0.7579365079365079,0.7714285714285716
2020-02-20,BEAS,12117,12925,43,2658299,2020-02-21 18:30:00,2020-02-21 18:32:00,1780,1,Thursday,BEAS,12925.0,0.7198412698412698,0.7257936507936508
2020-02-20,SBC,11615,12295,1,2659471,,2020-02-20 09:00:00,0,0,Thursday,SBC,12295.0,0.0,0.02427536231884058
2020-02-20,BNC,11615,12295,2,2658151,2020-02-20 09:10:00,2020-02-20 09:12:00,4,0,Thursday,BNC,12295.0,0.04492753623188406,0.06666666666666667
2020-02-20,KJM,11615,12295,3,2657967,2020-02-20 09:21:00,2020-02-20 09:23:00,14,0,Thursday,KJM,12295.0,0.13949275362318841,0.15108695652173912
2020-02-20,BWT,11615,12295,4,2657742,2020-02-20 10:08:00,2020-02-20 10:10:00,70,0,Thursday,BWT,12295.0,0.2931159420289855,0.3119565217391304
2020-02-20,KPN,11615,12295,5,2658185,2020-02-20 10:36:00,2020-02-20 10:38:00,104,0,Thursday,KPN,12295.0,0.3039855072463768,0.33478260869565213
2020-02-20,JTJ,11615,12295,6,2657662,2020-02-20 11:28:00,2020-02-20 11:30:00,145,0,Thursday,JTJ,12295.0,0.1579710144927536,0.19891304347826086
2020-02-20,KPD,11615,12295,7,2658215,2020-02-20 12:35:00,2020-02-20 12:40:00,229,0,Thursday,KPD,12295.0,0.222463768115942,0.20543478260869566
2020-02-20,AJJ,11615,12295,8,2658079,2020-02-20 13:33:00,2020-02-20 13:35:00,290,0,Thursday,AJJ,12295.0,0.1782608695652174,0.23731884057971012
2020-02-20,MAS,11615,12295,9,2658933,2020-02-20 15:15:00,2020-02-20 15:40:00,359,0,Thursday,MAS,12295.0,-0.15434782608695655,0.05471014492753623
2020-02-20,GDR,11615,12295,10,2657687,2020-02-20 17:43:00,2020-02-20 17:45:00,496,0,Thursday,GDR,12295.0,0.07644927536231884,0.13333333333333333
2020-02-20,NLR,11615,12295,11,2659518,2020-02-20 18:06:00,2020-02-20 18:08:00,535,0,Thursday,NLR,12295.0,0.3293478260869565,0.3528985507246377
2020-02-20,OGL,11615,12295,12,2657808,2020-02-20 19:33:00,2020-02-20 19:34:00,651,0,Thursday,OGL,12295.0,0.4557971014492753,0.4956521739130435
2020-02-20,BZA,11615,12295,13,2657824,2020-02-20 22:10:00,2020-02-20 22:20:00,790,0,Thursday,BZA,12295.0,0.003985507246376811,0.14710144927536234
2020-02-20,WL,11615,12295,14,2659008,2020-02-21 01:05:00,2020-02-21 01:06:00,996,1,Thursday,WL,12295.0,0.46159420289855074,0.5
2020-02-20,RDM,11615,12295,15,2733232,2020-02-21 02:39:00,2020-02-21 02:40:00,1098,1,Thursday,RDM,12295.0,0.2721014492753623,0.3076086956521739
2020-02-20,SKZR,11615,12295,16,2733191,2020-02-21 03:32:00,2020-02-21 03:33:00,1170,1,Thursday,SKZR,12295.0,0.4717391304347826,0.4971014492753623
2020-02-20,BPQ,11615,12295,17,2658211,2020-02-21 04:55:00,2020-02-21 05:05:00,1240,1,Thursday,BPQ,12295.0,0.13043478260869565,0.30036231884057973
2020-02-20,CD,11615,12295,18,2658780,2020-02-21 05:19:00,2020-02-21 05:20:00,1253,1,Thursday,CD,12295.0,0.2971014492753623,0.33405797101449275
2020-02-20,SEGM,11615,12295,19,2658373,2020-02-21 07:02:00,2020-02-21 07:03:00,1372,1,Thursday,SEGM,12295.0,0.32971014492753625,0.4068840579710145
2020-02-20,NGP,11615,12295,20,2659359,2020-02-21 08:25:00,2020-02-21 08:30:00,1448,1,Thursday,NGP,12295.0,0.34492753623188405,0.4634057971014493
2020-02-20,PAR,11615,12295,21,2658393,2020-02-21 10:08:00,2020-02-21 10:09:00,1553,1,Thursday,PAR,12295.0,0.3384057971014493,0.40942028985507245
2020-02-20,BZU,11615,12295,22,2657828,2020-02-21 11:40:00,2020-02-21 11:41:00,1639,1,Thursday,BZU,12295.0,0.26159420289855073,0.42427536231884055
2020-02-20,GDYA,11615,12295,23,2731936,2020-02-21 12:22:00,2020-02-21 12:24:00,1676,1,Thursday,GDYA,12295.0,0.5855072463768116,0.6148550724637681
2020-02-20,ET,11615,12295,24,2658804,2020-02-21 14:25:00,2020-02-21 14:35:00,1746,1,Thursday,ET,12295.0,0.1826086956521739,0.4909420289855072
2020-02-20,PPI,11615,12295,25,2658657,2020-02-21 15:28:00,2020-02-21 15:30:00,1814,1,Thursday,PPI,12295.0,0.963768115942029,0.9909420289855072
2020-02-20,NU,11615,12295,26,2658919,2020-02-21 16:32:00,2020-02-21 16:34:00,1907,1,Thursday,NU,12295.0,1.1282608695652174,1.1278985507246377
2020-02-20,JBP,11615,12295,27,2659444,2020-02-21 17:50:00,2020-02-21 18:00:00,1992,1,Thursday,JBP,12295.0,1.0909420289855072,1.2050724637681158
2020-02-20,KTE,11615,12295,28,2658224,2020-02-21 19:25:00,2020-02-21 19:30:00,2082,1,Thursday,KTE,12295.0,1.2695652173913043,1.5119565217391304
2020-02-20,MYR,11615,12295,29,2659313,2020-02-21 20:13:00,2020-02-21 20:15:00,2145,1,Thursday,MYR,12295.0,1.6818840579710144,1.680072463768116
2020-02-20,STA,11615,12295,30,2658311,2020-02-21 21:00:00,2020-02-21 21:10:00,2181,1,Thursday,STA,12295.0,1.5702898550724638,1.7199275362318842
2020-02-20,PCOI,11615,12295,31,10448784,2020-02-22 01:10:00,2020-02-22 01:15:00,2351,2,Thursday,PCOI,12295.0,1.5702898550724638,1.7199275362318842
2020-02-20,MZP,11615,12295,32,2659327,2020-02-22 02:40:00,2020-02-22 02:45:00,2431,2,Thursday,MZP,12295.0,1.467391304347826,1.4503623188405796
2020-02-20,DDU,11615,12295,33,10448973,2020-02-22 05:08:00,2020-02-22 05:18:00,2494,2,Thursday,DDU,12295.0,0.7579710144927536,0.8757246376811595
2020-02-20,BXR,11615,12295,34,2657796,2020-02-22 06:32:00,2020-02-22 06:34:00,2588,2,Thursday,BXR,12295.0,1.186231884057971,1.1960144927536231
2020-02-20,ARA,11615,12295,35,2657706,2020-02-22 07:53:00,2020-02-22 07:55:00,2657,2,Thursday,ARA,12295.0,1.0007246376811596,1.056159420289855
